Date,TWTR,KO,GM
2013-11-07,44.900002,30.350573,27.762348
2013-11-08,41.650002,30.518206,28.33428
2013-11-11,42.900002,30.381044,28.349743
2013-11-12,41.900002,30.388666,28.33428
2013-11-13,42.599998,30.571535,29.710032
2013-11-14,44.689999,30.64012,29.756407
2013-11-15,43.98,30.647749,29.965084
2013-11-18,41.139999,30.609644,29.810501
2013-11-19,41.75,30.58679,29.377686
2013-11-20,41.049999,30.525833,29.130367
2013-11-21,42.060001,30.807768,29.462698
2013-11-22,41.0,30.807768,29.083998
2013-11-25,39.060001,30.762045,29.022156
2013-11-26,40.18,30.670605,29.114901
2013-11-27,40.900002,30.839422,30.026918
2013-11-29,41.57,30.839422,29.934172
2013-12-02,40.779999,30.755016,30.227875
2013-12-03,41.369999,30.962196,29.478172
2013-12-04,43.689999,30.977539,29.918715
2013-12-05,45.619999,30.563189,30.212423
2013-12-06,44.950001,31.046606,31.04715
2013-12-09,49.139999,31.000561,31.611361
2013-12-10,51.990002,30.578527,31.224909
2013-12-11,52.34,30.793381,31.039406
2013-12-12,55.330002,30.087421,30.954401
2013-12-13,59.0,30.102772,30.946671
2013-12-16,56.610001,30.133461,32.028721
2013-12-17,56.450001,30.00301,32.09827
2013-12-18,55.509998,30.708971,31.897324
2013-12-19,57.490002,30.586195,31.147625
2013-12-20,60.009998,30.724312,31.680906
2013-12-23,64.540001,30.816401,31.912771
2013-12-24,69.959999,30.839422,31.5959
2013-12-26,73.309998,31.069624,32.090549
2013-12-27,63.75,31.200064,31.642269
2013-12-30,60.509998,31.530024,31.449051
2013-12-31,63.650002,31.698835,31.588171
2014-01-02,67.5,31.200064,31.649996
2014-01-03,69.0,31.046606,30.583403
2014-01-06,66.290001,30.900803,31.224909
2014-01-07,61.459999,30.992893,31.070328
2014-01-08,59.290001,30.647585,31.240368
2014-01-09,57.049999,30.486444,31.294472
2014-01-10,57.0,30.793381,30.938936
2014-01-13,57.82,30.33297,30.591131
2014-01-14,58.209999,30.455742,30.93121
2014-01-15,61.57,30.50946,30.436556
2014-01-16,60.57,30.471098,30.142851
2014-01-17,62.200001,30.141138,29.8337
2014-01-21,62.529999,30.632227,29.63275
2014-01-22,62.439999,30.616898,29.988281
2014-01-23,62.799999,30.110453,29.69458
2014-01-24,61.740002,29.803514,28.465673
2014-01-27,57.91,29.719095,28.411575
2014-01-28,60.439999,29.826525,28.450216
2014-01-29,59.450001,29.082212,28.094685
2014-01-30,63.470001,29.289389,28.473413
2014-01-31,64.5,29.020815,27.886002
2014-02-03,65.25,28.545067,27.244507
2014-02-04,66.32,28.759926,27.685051
2014-02-05,65.970001,28.85968,27.236778
2014-02-06,50.029999,29.181963,27.229046
2014-02-07,54.349998,29.120583,27.909193
2014-02-10,52.919998,29.596323,26.973997
2014-02-11,54.0,29.650045,27.244507
2014-02-12,56.849998,29.550293,27.484098
2014-02-13,56.470001,29.657705,27.20586
2014-02-14,57.439999,29.872574,27.785532
2014-02-18,58.18,28.752256,28.063776
2014-02-19,55.5,28.468342,27.847363
2014-02-20,56.630001,28.621811,28.218351
2014-02-21,55.919998,28.529724,28.357464
2014-02-24,55.779999,28.775276,28.249268
2014-02-25,54.959999,28.982456,27.901457
2014-02-26,55.869999,29.059183,28.465673
2014-02-27,55.77,29.212656,28.4193
2014-02-28,54.91,29.312412,27.97875
2014-03-03,53.709999,29.25102,27.986477
2014-03-04,54.279999,29.396822,28.542965
2014-03-05,54.380001,29.427507,28.998978
2014-03-06,54.830002,29.519587,29.014429
2014-03-07,53.529999,29.580994,29.130367
2014-03-10,53.880001,29.657705,28.66663
2014-03-11,54.02,29.772829,27.190395
2014-03-12,54.5,29.753483,26.943077
2014-03-13,53.57,29.366764,26.34795
2014-03-14,51.919998,29.521448,26.581875
2014-03-17,52.049999,29.598799,27.002945
2014-03-18,51.130001,29.699343,27.424011
2014-03-19,51.240002,29.498262,27.22127
2014-03-20,50.119999,29.738014,27.494186
2014-03-21,50.919998,29.730276,27.299246
2014-03-24,48.77,29.699343,27.400616
2014-03-25,47.880001,29.869501,26.909367
2014-03-26,44.43,29.861761,26.683245
2014-03-27,46.32,30.02417,26.909367
2014-03-28,47.299999,30.124727,27.080915
2014-03-31,46.669998,29.900431,26.839193
2014-04-01,46.98,29.707075,26.776814
2014-04-02,45.73,29.645203,27.197887
2014-04-03,44.049999,29.444111,27.634541
2014-04-04,43.139999,29.560125,27.143305
2014-04-07,42.450001,29.869501,26.597466
2014-04-08,41.779999,30.086054,26.924963
2014-04-09,42.490002,30.155661,26.215389
2014-04-10,41.34,30.078312,25.965868
2014-04-11,40.049999,29.877234,24.897598
2014-04-14,40.869999,29.954567,25.381054
2014-04-15,45.52,31.076023,26.012653
2014-04-16,44.419998,31.393137,26.488306
2014-04-17,45.009998,31.493679,26.496103
2014-04-21,46.130001,31.516884,26.496103
2014-04-22,46.02,31.485949,26.69104
2014-04-23,45.950001,31.501404,26.815804
2014-04-24,44.82,31.47821,26.644255
2014-04-25,41.610001,31.717962,26.293362
2014-04-28,40.73,31.73344,26.324558
2014-04-29,42.619999,31.377663,26.503895
2014-04-30,38.970001,31.547821,26.885977
2014-05-01,39.09,31.540085,27.213472
2014-05-02,39.02,31.671562,27.268061
2014-05-05,38.75,31.524618,27.09651
2014-05-06,31.85,31.3158,27.09651
2014-05-07,30.66,31.640627,27.346035
2014-05-08,31.959999,31.501404,27.174484
2014-05-09,32.049999,31.609682,26.69104
2014-05-12,33.939999,31.571022,27.151093
2014-05-13,33.389999,31.795307,27.408419
2014-05-14,32.849998,31.625164,27.244665
2014-05-15,32.77,31.338993,26.792406
2014-05-16,32.259998,31.625164,26.511694
2014-05-19,32.07,31.485949,26.706636
2014-05-20,31.77,31.385406,25.78652
2014-05-21,31.75,31.609682,26.090622
2014-05-22,31.52,31.385406,26.059437
2014-05-23,30.5,31.385406,26.223185
2014-05-27,30.51,31.532347,26.464907
2014-05-28,33.77,31.385406,26.971752
2014-05-29,34.0,31.447273,26.862587
2014-05-30,32.439999,31.640627,26.963953
2014-06-02,31.75,31.601957,27.182287
2014-06-03,32.580002,31.617424,27.494186
2014-06-04,32.900002,31.547821,28.476685
2014-06-05,33.889999,31.625164,28.281742
2014-06-06,33.330002,31.702511,28.737772
2014-06-09,34.470001,31.640627,28.69845
2014-06-10,35.369999,31.764374,28.619829
2014-06-11,35.540001,31.601957,28.399675
2014-06-12,36.790001,31.496756,27.927923
2014-06-13,36.900002,31.457796,28.014414
2014-06-16,38.02,31.683779,28.352501
2014-06-17,38.02,31.886383,28.588387
2014-06-18,38.740002,32.385098,28.541206
2014-06-19,38.900002,32.564312,28.596245
2014-06-20,39.240002,32.486404,28.4783
2014-06-23,39.52,32.517559,28.832119
2014-06-24,38.48,32.611076,28.761358
2014-06-25,39.459999,32.696777,29.16235
2014-06-26,41.439999,32.751328,29.012962
2014-06-27,40.93,32.876007,28.792809
2014-06-30,40.970001,33.008488,28.541206
2014-07-01,42.049999,32.953934,29.555485
2014-07-02,41.77,32.953934,29.673422
2014-07-03,41.330002,32.907177,29.673422
2014-07-07,40.23,32.837055,29.43754
2014-07-08,37.41,32.68121,29.547611
2014-07-09,38.060001,32.688995,29.854256
2014-07-10,37.84,32.930546,29.681282
2014-07-11,38.330002,32.704578,29.838531
2014-07-14,38.310001,33.024067,29.641966
2014-07-15,37.880001,32.805882,29.547611
2014-07-16,37.43,32.821461,29.468994
2014-07-17,36.869999,32.743542,29.17021
2014-07-18,37.049999,33.063019,29.413952
2014-07-21,38.049999,33.039642,29.429676
2014-07-22,37.650002,32.096779,29.689144
2014-07-23,37.75,31.800671,29.413952
2014-07-24,38.709999,31.925341,28.100897
2014-07-25,38.16,31.948717,27.574112
2014-07-28,37.93,31.699358,27.440441
2014-07-29,38.59,31.442213,27.086626
2014-07-30,46.299999,30.873371,26.976555
2014-07-31,45.189999,30.616219,26.59129
2014-08-01,44.130001,30.616219,26.292507
2014-08-04,43.470001,30.701937,26.42617
2014-08-05,43.830002,30.530504,26.229605
2014-08-06,43.459999,31.10714,26.261055
2014-08-07,43.0,30.662981,26.033035
2014-08-08,43.130001,30.740902,26.363266
2014-08-11,43.27,30.83441,26.575558
2014-08-12,43.810001,30.920126,26.496927
2014-08-13,44.150002,31.122721,26.693499
2014-08-14,45.330002,31.309734,26.693499
2014-08-15,44.759998,31.855204,26.607008
2014-08-18,45.119999,32.221447,27.047316
2014-08-19,45.09,32.151314,27.180979
2014-08-20,45.060001,32.143532,27.149527
2014-08-21,45.110001,32.268196,27.204565
2014-08-22,45.98,32.042225,26.921511
2014-08-25,46.099998,32.268196,27.2596
2014-08-26,48.169998,32.41626,27.401129
2014-08-27,48.060001,32.41626,27.291048
2014-08-28,49.43,32.439632,27.267466
2014-08-29,49.75,32.509781,27.361822
2014-09-02,51.02,32.447426,27.361822
2014-09-03,49.330002,32.556526,27.102354
2014-09-04,50.240002,32.626644,27.228159
2014-09-05,50.700001,32.603271,27.188839
2014-09-08,52.0,32.556526,26.363974
2014-09-09,50.610001,32.68121,26.229137
2014-09-10,52.91,32.860416,26.403631
2014-09-11,52.639999,32.927143,26.657438
2014-09-12,52.110001,32.542526,26.387764
2014-09-15,49.380001,32.57394,26.6733
2014-09-16,50.830002,32.683815,26.736752
2014-09-17,50.700001,32.660275,26.847792
2014-09-18,50.880001,32.801556,26.990553
2014-09-19,53.0,33.005623,26.919168
2014-09-22,51.939999,33.139069,26.522604
2014-09-23,52.169998,32.880051,26.348114
2014-09-24,52.959999,33.17831,26.689163
2014-09-25,51.450001,32.793705,26.070509
2014-09-26,51.889999,33.123375,26.308455
2014-09-29,51.740002,33.162609,25.554976
2014-09-30,51.580002,33.484432,25.33289
2014-10-01,50.060001,33.547218,25.769117
2014-10-02,51.849998,33.484432,26.316389
2014-10-03,53.939999,33.751305,26.776409
2014-10-06,53.490002,34.222248,26.768475
2014-10-07,53.529999,34.473442,25.198057
2014-10-08,55.419998,34.967926,25.523245
2014-10-09,55.290001,34.434177,24.611132
2014-10-10,50.400002,34.905117,24.024214
2014-10-13,48.490002,34.591156,23.627642
2014-10-14,48.580002,34.253647,23.881447
2014-10-15,49.990002,33.931831,23.548326
2014-10-16,48.23,33.40593,23.746607
2014-10-17,48.77,33.657116,23.984554
2014-10-20,50.700001,33.978935,24.063868
2014-10-21,50.630001,31.930292,24.460432
2014-10-22,49.080002,31.883205,24.833212
2014-10-23,49.669998,32.071579,24.531822
2014-10-24,49.950001,32.205025,23.825926
2014-10-27,48.560001,31.993103,23.857658
2014-10-28,43.779999,31.836117,24.722174
2014-10-29,42.080002,32.15007,24.365263
2014-10-30,41.799999,32.495434,24.412848
2014-10-31,41.470001,32.872192,24.9046
2014-11-03,40.209999,32.817261,24.730106
2014-11-04,40.900002,32.825111,24.444572
2014-11-05,40.369999,33.209709,24.37319
2014-11-06,40.84,33.194016,24.880804
2014-11-07,40.310001,33.217564,25.055296
2014-11-10,39.59,33.272503,24.68252
2014-11-11,39.59,33.366692,24.864939
2014-11-12,42.540001,33.523674,24.920456
2014-11-13,40.040001,33.586468,25.102882
2014-11-14,41.849998,33.539379,25.213923
2014-11-17,40.470001,33.688507,25.626356
2014-11-18,40.610001,34.167305,25.594629
2014-11-19,39.709999,34.7089,25.499449
2014-11-20,39.810001,34.732441,25.483591
2014-11-21,40.029999,34.928677,25.483591
2014-11-24,40.189999,34.748138,25.531176
2014-11-25,39.759998,34.87373,25.562904
2014-11-26,41.130001,35.004143,25.435999
2014-11-28,41.740002,35.43092,26.514669
2014-12-01,39.040001,35.209629,26.12603
2014-12-02,38.91,35.201725,26.379839
2014-12-03,39.060001,34.616875,26.681229
2014-12-04,38.790001,34.379757,26.245003
2014-12-05,38.490002,34.403477,26.911238
2014-12-08,36.290001,34.095234,26.151039
2014-12-09,37.049999,33.225876,26.255068
2014-12-10,36.349998,32.87812,25.582884
2014-12-11,36.700001,32.822796,25.75893
2014-12-12,37.099998,32.33279,25.262796
2014-12-15,36.849998,32.064064,24.806675
2014-12-16,35.130001,31.921812,24.590618
2014-12-17,35.57,32.838608,24.92671
2014-12-18,36.73,33.502487,25.406836
2014-12-19,37.080002,33.154739,26.255068
2014-12-22,38.43,33.470867,26.591156
2014-12-23,37.57,33.960888,26.855228
2014-12-24,37.610001,33.937172,26.751194
2014-12-26,37.599998,33.952988,26.991264
2014-12-29,36.419998,33.873951,27.68745
2014-12-30,35.860001,33.794918,28.079556
2014-12-31,35.869999,33.368134,27.93552
2015-01-02,36.560001,33.304905,27.879507
2015-01-05,36.380001,33.304905,27.471394
2015-01-06,38.759998,33.557808,27.887506
2015-01-07,37.279999,33.976688,28.679718
2015-01-08,39.09,34.387665,28.967791
2015-01-09,40.169998,34.008312,28.479662
2015-01-12,39.369999,33.700073,28.679718
2015-01-13,39.650002,33.692169,28.20759
2015-01-14,39.849998,33.636841,27.447386
2015-01-15,36.93,33.494587,26.751194
2015-01-16,37.310001,33.613132,26.951252
2015-01-20,37.57,34.111038,27.151308
2015-01-21,37.830002,34.269119,27.119299
2015-01-22,39.07,34.601067,27.063278
2015-01-23,39.419998,34.229607,27.007265
2015-01-26,40.099998,33.984596,26.967255
2015-01-27,38.919998,33.502487,26.743195
2015-01-28,37.150002,33.131031,26.279072
2015-01-29,36.68,33.2733,26.535139
2015-01-30,37.529999,32.538273,26.10302
2015-02-02,37.459999,32.870213,26.495131
2015-02-03,39.790001,32.90184,27.191313
2015-02-04,40.720001,32.941357,28.671719
2015-02-05,41.259998,33.028278,29.007805
2015-02-06,48.009998,32.759571,28.807753
2015-02-09,47.32,32.585693,28.807753
2015-02-10,46.259998,33.510387,30.024078
2015-02-11,47.5,33.486691,30.144106
2015-02-12,47.950001,33.328602,30.424183
2015-02-13,48.5,33.186352,30.104092
2015-02-17,48.029999,33.044098,29.80002
2015-02-18,47.82,32.980873,29.760006
2015-02-19,48.700001,33.281193,30.016077
2015-02-20,49.110001,33.170544,30.128109
2015-02-23,48.470001,33.075706,30.16012
2015-02-24,48.689999,33.297001,30.20813
2015-02-25,48.549999,33.233765,30.296148
2015-02-26,49.41,33.557808,30.056082
2015-02-27,48.080002,34.221699,29.856039
2015-03-02,48.150002,34.142673,30.09609
2015-03-03,47.709999,33.945076,30.24814
2015-03-04,47.57,33.589428,30.064087
2015-03-05,47.349998,33.510387,30.09609
2015-03-06,46.75,32.814899,29.479931
2015-03-09,47.59,32.712158,30.383532
2015-03-10,45.84,32.158913,30.294785
2015-03-11,46.27,31.692602,30.480341
2015-03-12,47.07,32.330124,31.004753
2015-03-13,46.66,31.80418,30.698174
2015-03-16,46.43,32.106991,31.125772
2015-03-17,46.93,32.282322,30.891806
2015-03-18,47.200001,32.354038,31.061222
2015-03-19,47.93,31.891838,31.182251
2015-03-20,48.439999,32.39389,31.359739
2015-03-23,48.459999,32.369968,31.133842
2015-03-24,51.470001,32.250443,30.536818
2015-03-25,49.5,32.234493,30.15764
2015-03-26,49.919998,32.154808,30.133425
2015-03-27,50.009998,31.939642,30.101158
2015-03-30,49.889999,32.282322,30.399668
2015-03-31,50.080002,32.314198,30.254442
2015-04-01,50.470001,32.417789,29.641291
2015-04-02,50.419998,32.417789,29.44766
2015-04-06,50.84,32.808266,29.576742
2015-04-07,52.869999,32.680767,28.826437
2015-04-08,52.299999,32.58514,29.133017
2015-04-09,52.169998,32.712646,29.27824
2015-04-10,51.939999,32.577164,29.504135
2015-04-13,51.619999,32.433723,29.366989
2015-04-14,51.200001,32.282322,29.431522
2015-04-15,51.299999,32.19466,29.80265
2015-04-16,52.029999,32.354038,29.915594
2015-04-17,50.66,32.114975,29.560616
2015-04-20,51.400002,32.401848,29.939793
2015-04-21,51.32,32.497478,29.980135
2015-04-22,51.73,32.919834,29.980135
2015-04-23,51.41,32.632954,28.979725
2015-04-24,50.82,32.58514,28.713486
2015-04-27,51.66,32.537319,28.866774
2015-04-28,42.27,32.48951,28.818369
2015-04-29,38.490002,32.266376,28.648949
2015-04-30,38.959999,32.32217,28.285896
2015-05-01,37.84,32.601078,28.57633
2015-05-04,37.880001,32.640919,28.560198
2015-05-05,37.419998,32.473572,28.245554
2015-05-06,37.259998,32.401848,28.051924
2015-05-07,37.709999,32.433723,28.140673
2015-05-08,37.59,32.656857,28.495653
2015-05-11,37.310001,32.624981,28.414982
2015-05-12,37.48,32.425751,28.027719
2015-05-13,37.720001,32.712646,28.076126
2015-05-14,37.330002,33.071247,27.955107
2015-05-15,37.099998,33.087189,28.164871
2015-05-18,37.279999,32.927803,28.277824
2015-05-19,37.5,32.919834,28.334299
2015-05-20,36.779999,32.951706,28.25362
2015-05-21,36.68,32.856083,28.705414
2015-05-22,36.599998,32.840145,28.802235
2015-05-26,36.509998,32.664833,28.657011
2015-05-27,36.41,32.768425,28.890978
2015-05-28,36.830002,32.784363,29.358917
2015-05-29,36.669998,32.640919,29.020067
2015-06-01,36.630001,32.624981,29.189489
2015-06-02,36.400002,32.664833,29.221764
2015-06-03,37.0,32.569183,28.995853
2015-06-04,36.709999,32.346066,28.673145
2015-06-05,37.0,31.95558,28.334299
2015-06-08,36.459999,32.00341,28.521786
2015-06-09,35.880001,32.035271,28.741865
2015-06-10,35.849998,32.138874,29.010866
2015-06-11,35.84,32.219212,28.978254
2015-06-12,35.900002,32.106739,29.108683
2015-06-15,34.669998,31.80945,28.904892
2015-06-16,34.82,32.203156,29.027163
2015-06-17,34.689999,32.355812,29.190191
2015-06-18,34.66,32.661125,29.508095
2015-06-19,35.860001,32.460258,29.434736
2015-06-22,35.549999,32.524536,29.499949
2015-06-23,35.369999,32.444199,29.589613
2015-06-24,35.169998,32.291531,28.660355
2015-06-25,35.169998,32.154938,28.285383
2015-06-26,35.259998,32.138874,28.024542
2015-06-29,34.209999,31.656792,27.08713
2015-06-30,36.220001,31.520208,27.16864
2015-07-01,35.400002,31.737144,26.932253
2015-07-02,35.720001,31.729099,27.08713
2015-07-06,35.43,31.672852,26.614349
2015-07-07,35.52,32.339745,26.785528
2015-07-08,34.759998,32.02639,25.424246
2015-07-09,34.360001,32.074593,25.277521
2015-07-10,34.91,32.452232,25.595423
2015-07-13,35.779999,32.669163,25.823664
2015-07-14,36.720001,33.078926,25.897026
2015-07-15,35.66,33.046799,25.619877
2015-07-16,36.099998,33.328022,24.95146
2015-07-17,35.669998,33.143208,24.984064
2015-07-20,35.810001,33.247665,24.861794
2015-07-21,36.630001,33.095005,24.772135
2015-07-22,36.09,32.862003,24.698767
2015-07-23,36.189999,32.813797,25.676935
2015-07-24,35.419998,32.492405,25.318275
2015-07-27,34.700001,32.57275,25.31012
2015-07-28,36.540001,32.580788,25.53021
2015-07-29,31.24,32.612926,26.043753
2015-07-30,31.469999,32.588825,26.011145
2015-07-31,31.01,33.00663,25.685089
2015-08-03,29.27,33.376217,25.823664
2015-08-04,29.34,33.625294,25.693239
2015-08-05,28.48,33.842236,25.758451
2015-08-06,27.540001,33.68153,25.970387
2015-08-07,27.040001,33.561012,25.87257
2015-08-10,29.5,33.488705,26.035601
2015-08-11,29.620001,33.328022,25.130793
2015-08-12,29.389999,33.151249,25.163403
2015-08-13,28.540001,33.022686,25.318275
2015-08-14,29.059999,33.143208,25.668783
2015-08-17,29.059999,33.22356,25.766603
2015-08-18,28.299999,33.18338,25.848114
2015-08-19,27.610001,32.765594,25.782904
2015-08-20,26.0,32.580788,25.138943
2015-08-21,25.870001,31.761232,24.128172
2015-08-24,25.17,30.837248,22.660919
2015-08-25,24.379999,30.523901,22.237043
2015-08-26,25.030001,31.118462,22.905457
2015-08-27,26.459999,31.552345,23.296728
2015-08-28,26.83,31.696972,23.639086
2015-08-31,27.790001,31.592514,23.997746
2015-09-01,27.030001,31.134535,23.345634
2015-09-02,27.82,31.25506,23.810266
2015-09-03,28.299999,31.463949,23.72875
2015-09-04,28.15,30.949739,23.541267
2015-09-08,27.18,31.25506,24.356411
2015-09-09,27.18,30.772976,24.144472
2015-09-10,27.709999,30.869389,24.755102
2015-09-11,27.389999,30.901808,24.878872
2015-09-14,26.9,30.877502,25.34922
2015-09-15,27.17,31.201666,25.57202
2015-09-16,27.75,31.728453,25.745304
2015-09-17,27.41,31.91485,25.836071
2015-09-18,27.959999,31.590673,25.175936
2015-09-21,27.379999,31.760868,25.266705
2015-09-22,26.83,31.436695,24.77985
2015-09-23,26.790001,31.412382,24.524046
2015-09-24,26.6,31.728453,24.293003
2015-09-25,25.290001,32.109348,24.268246
2015-09-28,25.26,32.0364,23.566853
2015-09-29,25.59,32.141766,24.053701
2015-09-30,26.940001,32.514561,24.771605
2015-10-01,24.68,32.255226,25.307962
2015-10-02,26.309999,32.733391,26.182642
2015-10-05,28.15,33.235859,26.207396
2015-10-06,27.620001,33.195328,26.586975
2015-10-07,29.83,33.649178,27.271866
2015-10-08,30.32,34.021973,27.585434
2015-10-09,30.85,34.05439,27.189348
2015-10-12,28.75,34.038174,27.24711
2015-10-13,29.059999,33.75452,27.337881
2015-10-14,29.379999,33.778839,27.502909
2015-10-15,29.709999,33.973339,27.494658
2015-10-16,31.15,34.05439,27.354383
2015-10-19,30.91,34.030079,27.428648
2015-10-20,30.91,34.273209,27.62669
2015-10-21,29.299999,34.192154,29.227518
2015-10-22,29.15,35.043121,29.227518
2015-10-23,30.280001,34.678417,29.664856
2015-10-26,30.889999,34.516338,29.433811
2015-10-27,31.34,34.532555,28.856192
2015-10-28,30.870001,34.629795,29.062494
2015-10-29,29.059999,34.678417,28.674654
2015-10-30,28.459999,34.321831,28.806686
2015-11-02,29.200001,34.232685,29.351292
2015-11-03,29.129999,34.16785,29.524582
2015-11-04,29.360001,34.013863,29.227518
2015-11-05,28.66,34.305618,29.244022
2015-11-06,28.280001,34.005764,29.499821
2015-11-09,27.09,33.665379,29.433811
2015-11-10,27.049999,33.85178,29.392548
2015-11-11,26.5,34.070602,29.334789
2015-11-12,26.129999,33.697796,28.955214
2015-11-13,25.18,33.535713,28.311584
2015-11-16,25.41,34.005764,29.021223
2015-11-17,25.23,33.770737,29.054234
2015-11-18,25.9,34.265106,30.08569
2015-11-19,26.32,34.937756,29.821632
2015-11-20,26.27,34.386658,29.986679
2015-11-23,25.200001,34.816204,29.772137
2015-11-24,25.52,35.140369,29.887657
2015-11-25,26.059999,35.140369,29.986679
2015-11-27,25.75,35.238369,30.011427
2015-11-30,25.4,34.805542,29.871145
2015-12-01,25.530001,35.026039,29.920662
2015-12-02,25.4,34.928043,29.483324
2015-12-03,25.9,34.674881,29.26878
2015-12-04,25.02,35.352695,29.912411
2015-12-07,24.459999,35.279202,29.813395
2015-12-08,24.99,35.124046,29.277023
2015-12-09,24.309999,34.838207,29.252274
2015-12-10,25.91,34.919872,29.400806
2015-12-11,24.84,34.519714,28.509621
2015-12-14,24.92,34.666714,28.37759
2015-12-15,23.950001,35.173031,28.501368
2015-12-16,24.299999,35.801853,29.301878
2015-12-17,23.309999,35.516033,28.442995
2015-12-18,22.99,34.707546,28.076101
2015-12-21,22.139999,34.936203,28.20952
2015-12-22,22.559999,35.352695,28.593092
2015-12-23,22.67,35.663017,29.00169
2015-12-24,22.969999,35.556862,28.851589
2015-12-28,22.530001,35.516033,28.776541
2015-12-29,22.469999,35.69569,28.768202
2015-12-30,22.23,35.58136,28.626448
2015-12-31,23.139999,35.08321,28.359613
2016-01-04,22.559999,34.625881,27.775911
2016-01-05,21.92,34.748379,27.042114
2016-01-06,21.389999,34.560551,26.074833
2016-01-07,20.26,33.988899,25.007488
2016-01-08,19.98,33.899063,24.623917
2016-01-11,19.65,33.956226,25.224295
2016-01-12,19.620001,34.397217,25.265987
2016-01-13,18.68,34.176723,25.424423
2016-01-14,19.0,34.201218,25.265987
2016-01-15,17.940001,33.890896,24.657272
2016-01-19,16.690001,34.233883,24.515511
2016-01-20,17.379999,33.7929,24.532192
2016-01-21,17.83,33.80106,24.640591
2016-01-22,17.84,34.348225,24.415457
2016-01-25,17.02,34.429886,24.373758
2016-01-26,17.01,34.364559,24.723974
2016-01-27,16.780001,34.372711,24.357079
2016-01-28,16.49,34.764709,24.198643
2016-01-29,16.799999,35.050541,24.715637
2016-02-01,17.91,35.115871,25.107552
2016-02-02,16.08,34.658543,24.723974
2016-02-03,16.559999,34.887222,24.115261
2016-02-04,16.91,34.732048,23.881781
2016-02-05,15.72,34.658543,23.798395
2016-02-08,14.9,34.83004,23.915134
2016-02-09,14.4,35.36087,23.239712
2016-02-10,14.98,34.748379,23.106285
2016-02-11,14.31,34.634048,22.430861
2016-02-12,15.88,35.205696,23.106285
2016-02-16,16.360001,35.409863,23.831747
2016-02-17,17.459999,35.516033,24.407114
2016-02-18,18.43,35.614021,24.206984
2016-02-19,18.309999,35.744686,23.998522
2016-02-22,18.299999,35.883518,24.707302
2016-02-23,18.299999,35.679359,24.498833
2016-02-24,18.0,35.859016,24.048548
2016-02-25,17.59,36.063187,24.598898
2016-02-26,17.940001,35.230198,24.707302
2016-02-29,18.120001,35.222034,24.548868
2016-03-01,17.85,35.679359,25.024172
2016-03-02,18.540001,35.744686,25.140911
2016-03-03,19.309999,35.899853,25.908058
2016-03-04,19.360001,36.022343,26.158222
2016-03-07,19.17,35.940678,26.341667
2016-03-08,18.33,36.193848,25.582857
2016-03-09,17.66,36.594006,25.785492
2016-03-10,16.610001,36.936985,26.0219
2016-03-11,16.809999,37.200356,26.3934
2016-03-14,17.120001,37.274433,26.325859
2016-03-15,16.190001,37.23328,26.216091
2016-03-16,16.700001,37.076904,26.756456
2016-03-17,16.85,37.669476,26.984423
2016-03-18,16.85,37.52956,26.984423
2016-03-21,16.889999,37.587181,27.085747
2016-03-22,16.860001,37.447269,26.933765
2016-03-23,16.01,37.414341,26.435616
2016-03-24,15.91,37.513103,26.140104
2016-03-28,15.6,37.694176,26.190765
2016-03-29,15.97,38.253811,26.334297
2016-03-30,16.360001,38.336121,26.165436
2016-03-31,16.549999,38.179745,26.536934
2016-04-01,15.98,38.541878,25.726393
2016-04-04,17.09,38.591248,25.245127
2016-04-05,17.049999,38.294979,24.991835
2016-04-06,17.26,38.443104,25.2789
2016-04-07,16.98,38.155067,24.839855
2016-04-08,16.65,38.574791,24.79764
2016-04-11,16.51,38.220901,24.932732
2016-04-12,16.57,38.393734,25.084707
2016-04-13,17.370001,37.891701,25.988131
2016-04-14,17.530001,37.718868,25.937471
2016-04-15,17.58,37.941071,25.802378
2016-04-18,17.309999,38.039829,26.435616
2016-04-19,16.92,38.352577,26.992872
2016-04-20,17.4,36.517258,27.178614
2016-04-21,17.51,35.932915,27.575445
2016-04-22,17.23,36.657181,27.170179
2016-04-25,17.09,36.797077,26.975983
2016-04-26,17.75,36.648933,27.178614
2016-04-27,14.86,36.772388,27.15329
2016-04-28,14.64,36.731239,27.389696
2016-04-29,14.62,36.871155,26.849335
2016-05-02,14.4,37.019299,26.807117
2016-05-03,14.01,36.904083,26.38496
2016-05-04,14.84,37.019299,25.827709
2016-05-05,14.12,37.08514,25.785492
2016-05-06,14.4,37.299126,26.140104
2016-05-09,14.2,37.23328,25.988131
2016-05-10,14.63,37.653027,26.469387
2016-05-11,14.59,37.414341,26.241423
2016-05-12,14.08,37.718868,26.325859
2016-05-13,14.1,37.323814,25.768604
2016-05-16,14.29,37.546021,25.89525
2016-05-17,14.34,36.830006,25.861479
2016-05-18,14.14,36.607784,25.962801
2016-05-19,14.15,36.476105,25.599741
2016-05-20,14.43,36.171597,25.810822
2016-05-23,14.41,36.188057,25.827709
2016-05-24,14.03,36.517258,26.216091
2016-05-25,14.41,36.52549,26.722685
2016-05-26,14.3,36.780624,26.418736
2016-05-27,15.1,36.854698,26.503162
2016-05-31,15.22,36.706547,26.410286
2016-06-01,15.02,36.788853,25.515308
2016-06-02,15.2,36.805317,25.549084
2016-06-03,15.2,37.06868,24.991835
2016-06-06,15.27,37.340275,25.321115
2016-06-07,15.0,37.299126,25.523752
2016-06-08,14.95,37.488422,25.284336
2016-06-09,14.6,37.661236,25.104773
2016-06-10,14.02,37.85054,24.848249
2016-06-13,14.55,37.419292,24.865353
2016-06-14,15.36,37.352943,24.65159
2016-06-15,15.96,37.32806,24.677237
2016-06-16,15.87,37.57687,24.814051
2016-06-17,16.1,37.145611,24.993614
2016-06-20,16.34,37.303188,25.352741
2016-06-21,16.32,37.427589,25.233028
2016-06-22,16.129999,37.203674,25.070566
2016-06-23,17.040001,37.386124,25.498098
2016-06-24,16.440001,36.4324,24.241154
2016-06-27,15.84,36.307991,23.522896
2016-06-28,16.42,36.639729,23.719564
2016-06-29,16.83,36.855347,24.08724
2016-06-30,16.91,37.593441,24.198399
2016-07-01,17.280001,37.419292,24.702888
2016-07-05,17.139999,37.67638,24.08724
2016-07-06,17.200001,37.543694,24.283909
2016-07-07,17.370001,37.394417,24.574631
2016-07-08,18.08,37.634914,25.361292
2016-07-11,17.709999,37.792488,25.763172
2016-07-12,18.1,37.800781,26.165056
2016-07-13,17.74,37.933479,26.190704
2016-07-14,17.959999,37.892014,26.301865
2016-07-15,18.08,37.842243,26.310417
2016-07-18,18.65,37.842243,26.395924
2016-07-19,18.33,37.842243,26.720848
2016-07-20,18.559999,37.742733,26.926067
2016-07-21,18.389999,37.692974,27.387796
2016-07-22,18.370001,38.008118,27.498962
2016-07-25,18.65,37.792488,27.413452
2016-07-26,18.450001,37.220253,27.490408
2016-07-27,15.77,35.992855,27.379251
2016-07-28,16.309999,36.20018,26.498531
2016-07-29,16.639999,36.183594,26.968821
2016-08-01,16.639999,36.034313,26.763597
2016-08-02,16.42,36.100658,25.592161
2016-08-03,17.610001,36.191895,25.857233
2016-08-04,18.129999,36.084068,25.942738
2016-08-05,18.26,36.059193,26.336063
2016-08-08,18.200001,36.026016,26.404472
2016-08-09,18.68,36.050896,26.566936
2016-08-10,19.040001,36.167,26.720848
2016-08-11,19.780001,36.283108,27.14838
2016-08-12,19.540001,36.515324,26.994469
2016-08-15,20.860001,36.689484,27.242439
2016-08-16,20.4,36.349453,27.114178
2016-08-17,20.17,36.540207,27.233889
2016-08-18,19.0,36.57338,26.977364
2016-08-19,18.98,36.424107,27.216787
2016-08-22,18.549999,36.274811,27.250986
2016-08-23,18.690001,36.366047,27.276644
2016-08-24,18.25,36.366047,27.17403
2016-08-25,18.32,36.216763,26.968821
2016-08-26,18.299999,35.926495,26.960268
2016-08-29,18.469999,36.108963,27.199684
2016-08-30,18.379999,35.860157,27.079975
2016-08-31,19.209999,36.017727,27.293741
2016-09-01,19.5,35.951378,27.191133
2016-09-02,19.549999,36.208473,27.498962
2016-09-06,19.93,36.316288,27.464756
2016-09-07,19.870001,36.191895,27.594551
2016-09-08,18.700001,36.183594,27.438797
2016-09-09,18.110001,35.055698,26.374472
2016-09-12,18.15,35.818687,26.980183
2016-09-13,17.76,35.35046,26.772512
2016-09-14,18.08,35.208328,26.57349
2016-09-15,18.299999,35.417362,26.928268
2016-09-16,19.110001,35.23341,26.798471
2016-09-19,18.360001,35.199974,27.447453
2016-09-20,18.389999,35.400639,27.386875
2016-09-21,18.49,35.559494,27.784922
2016-09-22,18.629999,35.919025,28.027205
2016-09-23,22.620001,35.735085,27.793571
2016-09-26,23.370001,35.158161,27.516674
2016-09-27,23.719999,35.609653,27.343613
2016-09-28,22.959999,35.241787,27.603205
2016-09-29,23.01,35.141449,27.239775
2016-09-30,23.049999,35.383907,27.490715
2016-10-03,24.0,35.141449,27.724348
2016-10-04,23.52,34.98259,27.836836
2016-10-05,24.870001,34.957504,28.278141
2016-10-06,19.870001,34.873882,28.148346
2016-10-07,19.85,34.890614,27.98394
2016-10-10,17.559999,34.890614,27.819532
2016-10-11,18.0,34.731754,27.594551
2016-10-12,18.049999,34.93243,27.412836
2016-10-13,17.790001,34.915695,27.265734
2016-10-14,16.879999,34.840454,27.577246
2016-10-17,16.73,34.781918,27.309004
2016-10-18,16.83,35.091274,27.170551
2016-10-19,17.07,35.158161,27.559938
2016-10-20,16.9,35.057827,27.473408
2016-10-21,18.09,35.22506,27.724348
2016-10-24,18.030001,35.584579,28.537731
2016-10-25,17.26,35.567856,27.343613
2016-10-26,17.290001,35.484249,27.326307
2016-10-27,17.4,35.216682,27.10998
2016-10-28,17.66,35.308662,27.10133
2016-10-31,17.950001,35.450806,27.343613
2016-11-01,17.49,35.216682,27.239775
2016-11-02,17.610001,35.158161,27.213818
2016-11-03,17.58,35.141449,26.885004
2016-11-04,18.02,34.85717,26.962879
2016-11-07,18.41,35.500973,27.707041
2016-11-08,18.379999,35.852139,27.456102
2016-11-09,19.129999,35.34211,26.78982
2016-11-10,18.370001,34.230087,28.321409
2016-11-11,18.549999,34.305336,29.437654
2016-11-14,19.139999,34.422398,28.797325
2016-11-15,18.98,34.648148,28.927122
2016-11-16,18.629999,34.497639,28.754055
2016-11-17,18.549999,34.380585,28.91847
2016-11-18,18.73,34.205017,28.555035
2016-11-21,18.6,34.581253,28.563692
2016-11-22,18.629999,34.589615,29.255938
2016-11-23,18.219999,34.380585,29.299204
2016-11-25,18.059999,34.723389,29.636663
2016-11-28,18.299999,34.907341,29.46361
2016-11-29,18.190001,34.696545,29.913572
2016-11-30,18.49,34.022007,29.87895
2016-12-01,18.030001,33.870232,31.523035
2016-12-02,17.93,34.030434,30.640421
2016-12-05,18.23,34.249657,30.561701
2016-12-06,18.23,34.207508,30.675409
2016-12-07,19.48,34.81459,31.751284
2016-12-08,19.639999,34.553192,31.856239
2016-12-09,19.65,35.413242,32.940861
2016-12-12,18.93,35.328918,32.451031
2016-12-13,19.370001,35.21088,32.678448
2016-12-14,18.93,34.747139,31.445131
2016-12-15,18.790001,35.03381,31.698799
2016-12-16,18.629999,35.194016,31.812508
2016-12-19,18.24,35.134998,31.838749
2016-12-20,17.92,35.126553,32.022438
2016-12-21,17.08,35.050663,31.856239
2016-12-22,16.41,35.03381,31.217716
2016-12-23,16.5,35.07597,31.217716
2016-12-27,16.610001,35.0844,31.086517
2016-12-28,16.389999,34.898899,30.745386
2016-12-29,16.389999,35.07597,30.736637
2016-12-30,16.299999,34.957924,30.474237
2017-01-03,16.440001,35.24461,30.745386
2017-01-04,16.860001,35.118126,32.442291
2017-01-05,17.09,35.202442,31.830002
2017-01-06,17.17,35.194016,31.480131
2017-01-09,17.5,34.839882,31.497622
2017-01-10,17.370001,34.60379,32.669708
2017-01-11,17.299999,34.612228,33.194519
2017-01-12,17.379999,34.527901,32.809658
2017-01-13,17.25,34.468884,32.660961
2017-01-17,16.959999,34.755558,32.63472
2017-01-18,17.110001,34.81459,32.77467
2017-01-19,16.790001,34.688107,32.625969
2017-01-20,16.58,34.839882,32.372314
2017-01-23,16.610001,34.932629,32.057423
2017-01-24,16.52,35.328918,32.36356
2017-01-25,16.73,35.514416,33.483162
2017-01-26,16.809999,35.253033,32.818401
2017-01-27,16.57,34.949493,32.372314
2017-01-30,16.940001,34.890472,31.777521
2017-01-31,17.620001,35.050663,32.022438
2017-02-01,17.24,34.78928,31.611338
2017-02-02,17.780001,34.907341,31.252707
2017-02-03,17.610001,35.025379,31.777521
2017-02-06,17.93,35.042244,32.214863
2017-02-07,18.26,35.328918,30.701649
2017-02-08,18.719999,35.430099,30.736637
2017-02-09,16.41,34.780857,30.684156
2017-02-10,15.58,34.215927,30.762878
2017-02-13,15.81,34.249657,31.069019
2017-02-14,16.52,34.173775,32.57349
2017-02-15,16.74,34.097885,32.433548
2017-02-16,16.35,34.738701,32.389801
2017-02-17,16.620001,34.763992,32.556
2017-02-21,16.42,34.957924,33.072067
2017-02-22,16.08,35.07597,33.098309
2017-02-23,16.030001,35.126553,32.582237
2017-02-24,15.98,35.227737,32.276093
2017-02-27,16.059999,35.134998,32.599735
2017-02-28,15.77,35.379505,32.223606
2017-03-01,15.79,35.548141,32.739681
2017-03-02,15.79,35.809532,33.02832
2017-03-03,15.75,35.817963,33.43943
2017-03-06,15.56,35.565002,33.159531
2017-03-07,15.18,35.404812,32.818401
2017-03-08,15.24,35.404812,32.933285
2017-03-09,15.22,35.438534,32.544476
2017-03-10,15.12,35.657776,32.544476
2017-03-13,15.21,35.75132,32.579811
2017-03-14,15.32,35.700283,32.659344
2017-03-15,15.03,35.827885,32.774227
2017-03-16,15.19,35.938465,32.765385
2017-03-17,15.08,35.75132,32.102654
2017-03-20,15.09,35.878918,31.55479
2017-03-21,14.54,36.151108,30.529776
2017-03-22,14.98,36.049042,30.388393
2017-03-23,14.93,35.870407,30.273516
2017-03-24,15.14,35.827885,30.538609
2017-03-27,14.99,35.998005,30.671158
2017-03-28,14.94,36.091568,31.422256
2017-03-29,15.04,36.083057,31.404579
2017-03-30,14.92,36.236172,31.289703
2017-03-31,14.95,36.100075,31.24552
2017-04-03,14.84,36.074562,30.193983
2017-04-04,14.69,36.30423,30.282358
2017-04-05,14.53,36.210648,30.04377
2017-04-06,14.39,36.295712,30.185154
2017-04-07,14.29,36.244682,29.787514
2017-04-10,14.36,36.312725,30.017265
2017-04-11,14.31,36.28722,29.97308
2017-04-12,14.42,36.525387,29.990749
2017-04-13,14.3,36.397793,29.504751
2017-04-17,14.4,36.63596,29.955406
2017-04-18,14.44,36.984715,29.769838
2017-04-19,14.54,36.772072,29.858206
2017-04-20,14.65,36.652981,30.13213
2017-04-21,14.63,36.63596,29.822855
2017-04-24,14.71,36.814587,29.964243
2017-04-25,14.66,36.669987,30.034939
2017-04-26,15.82,36.780571,30.379555
2017-04-27,16.610001,36.584923,30.520937
2017-04-28,16.48,36.704014,30.609301
2017-05-01,17.540001,36.763557,30.220499
2017-05-02,18.24,36.908157,29.336863
2017-05-03,18.57,36.848621,29.584274
2017-05-04,18.48,37.137825,29.292683
2017-05-05,18.690001,37.163342,29.840534
2017-05-08,18.309999,37.333473,30.017265
2017-05-09,18.370001,37.010227,30.273516
2017-05-10,18.540001,37.061275,30.247007
2017-05-11,18.389999,37.146332,30.140976
2017-05-12,18.610001,37.078281,29.707985
2017-05-15,19.23,37.197369,29.884716
2017-05-16,19.49,37.299438,29.531263
2017-05-17,18.280001,37.367489,28.647619
2017-05-18,18.51,37.256908,28.691805
2017-05-19,18.35,37.341969,28.912714
2017-05-22,18.43,37.580147,29.089443
2017-05-23,18.15,37.758774,29.354532
2017-05-24,17.98,38.303169,29.336863
2017-05-25,17.950001,38.626408,28.806675
2017-05-26,18.23,38.609394,29.221989
2017-05-30,18.43,38.64341,29.628462
2017-05-31,18.32,38.677444,29.98192
2017-06-01,18.530001,38.949642,30.42374
2017-06-02,18.309999,39.034683,30.441408
2017-06-05,18.23,39.119751,30.450251
2017-06-06,17.57,39.111252,30.42374
2017-06-07,17.440001,38.711464,30.682859
2017-06-08,17.59,38.388229,30.47735
2017-06-09,16.9,38.549843,30.682859
2017-06-12,17.040001,38.55835,30.986647
2017-06-13,16.969999,38.618378,30.834751
2017-06-14,16.76,38.849937,30.924093
2017-06-15,16.83,38.80706,30.915163
2017-06-16,16.67,38.858524,30.638174
2017-06-19,17.059999,38.918549,30.691786
2017-06-20,16.91,39.115803,30.73646
2017-06-21,17.780001,38.781326,30.495218
2017-06-22,18.15,38.652699,30.548824
2017-06-23,18.5,38.80706,30.557764
2017-06-26,18.290001,38.961433,30.843681
2017-06-27,18.120001,38.63554,30.566692
2017-06-28,17.950001,38.867088,30.897295
2017-06-29,17.65,38.446861,31.147469
2017-06-30,17.870001,38.46402,31.210022
2017-07-03,17.65,38.386829,31.781857
2017-07-05,17.82,38.438297,31.281498
2017-07-06,17.92,38.078087,31.156406
2017-07-07,18.02,38.069515,31.218952
2017-07-10,18.08,38.060947,31.442324
2017-07-11,18.639999,38.018063,31.629959
2017-07-12,19.25,38.172424,31.719316
2017-07-13,19.32,38.103825,32.040977
2017-07-14,19.639999,38.318226,32.478794
2017-07-17,19.940001,38.361099,32.5056
2017-07-18,19.98,38.309639,32.550274
2017-07-19,20.120001,38.446861,32.586021
2017-07-20,20.530001,38.438297,32.532398
2017-07-21,20.110001,38.618378,32.228611
2017-07-24,20.0,38.455441,32.005238
2017-07-25,19.969999,38.798489,31.781857
2017-07-26,19.610001,39.227295,31.826536
2017-07-27,16.84,39.553173,32.11245
2017-07-28,16.75,39.458851,31.960562
2017-07-31,16.09,39.313046,32.148201
2017-08-01,16.209999,39.192989,31.058126
2017-08-02,16.07,39.098644,31.11174
2017-08-03,16.18,39.167259,31.06706
2017-08-04,16.290001,39.021465,31.513807
2017-08-07,16.4,39.141529,31.540611
2017-08-08,16.15,39.107224,31.621027
2017-08-09,16.139999,39.098644,31.522743
2017-08-10,15.75,39.227295,31.165346
2017-08-11,15.92,39.098644,31.210022
2017-08-14,16.09,39.278751,31.692513
2017-08-15,15.95,39.613213,31.755053
2017-08-16,16.16,39.621792,31.94269
2017-08-17,15.87,39.330208,31.272562
2017-08-18,15.99,39.167259,31.120672
2017-08-21,16.110001,39.175838,31.192146
2017-08-22,16.629999,39.107224,31.540611
2017-08-23,16.959999,39.055771,31.710384
2017-08-24,16.889999,38.944283,31.737188
2017-08-25,16.65,39.081505,31.808668
2017-08-28,16.77,38.952858,31.728256
2017-08-29,16.93,38.978592,31.737188
2017-08-30,16.93,38.927128,32.005238
2017-08-31,16.91,39.064342,32.648552
2017-09-01,16.860001,39.2616,33.381222
2017-09-05,16.65,39.381664,33.265072
2017-09-06,16.83,39.415962,33.658211
2017-09-07,17.219999,39.690399,33.31522
2017-09-08,17.450001,39.707565,33.396454
2017-09-11,17.66,39.896229,33.712376
2017-09-12,18.17,40.067753,34.199783
2017-09-13,18.200001,40.196392,34.488609
2017-09-14,18.209999,39.859264,35.012123
2017-09-15,18.01,39.919777,35.093357
2017-09-18,17.6,39.859264,34.831608
2017-09-19,17.76,39.746887,34.930889
2017-09-20,17.620001,39.574001,35.093357
2017-09-21,17.58,39.245518,35.291927
2017-09-22,17.610001,39.323326,35.580769
2017-09-25,16.98,39.496201,36.375065
2017-09-26,16.59,39.392471,36.338959
2017-09-27,16.950001,38.588543,36.627792
2017-09-28,16.85,38.821938,36.627792
2017-09-29,16.870001,38.908382,36.447273
2017-10-02,17.09,38.726849,38.044888
2017-10-03,17.59,39.063984,39.218273
2017-10-04,17.75,39.331963,39.516136
2017-10-05,18.25,39.349247,39.579315
2017-10-06,17.85,39.323326,40.554134
2017-10-09,17.67,39.254158,40.915176
2017-10-10,17.41,39.651798,40.806858
2017-10-11,17.73,39.850616,41.041546
2017-10-12,18.450001,39.859264,40.518028
2017-10-13,18.629999,39.919777,41.411606
2017-10-16,18.33,40.300125,41.303291
2017-10-17,18.280001,40.213676,40.635372
2017-10-18,18.02,40.109962,40.72562
2017-10-19,17.889999,40.2742,40.933228
2017-10-20,17.870001,40.092667,41.1679
2017-10-23,17.370001,40.040806,40.752705
2017-10-24,17.25,39.919777,41.953178
2017-10-25,17.139999,39.807407,40.72562
2017-10-26,20.309999,39.962994,40.842964
2017-10-27,21.68,39.824684,40.292374
2017-10-30,21.25,39.643162,39.146065
2017-10-31,20.620001,39.746887,38.794052
2017-11-01,20.610001,39.591293,38.92944
2017-11-02,19.709999,39.660442,38.451054
2017-11-03,19.9,39.738243,38.216377
2017-11-06,19.389999,39.306026,38.035858
2017-11-07,19.66,39.712311,37.638714
2017-11-08,19.59,39.919777,38.008781
2017-11-09,19.9,39.962994,38.008781
2017-11-10,20.32,40.23098,38.505215
2017-11-13,20.17,40.38657,39.326588
2017-11-14,20.049999,41.000324,38.812099
2017-11-15,19.91,40.464378,38.685741
2017-11-16,20.360001,40.239616,39.353661
2017-11-17,20.76,39.513489,39.606392
2017-11-20,21.129999,39.297379,40.508999
2017-11-21,21.879999,39.574001,40.590237
2017-11-22,22.27,39.625862,39.976467
2017-11-24,22.42,39.660442,40.129902
2017-11-27,21.82,39.677738,39.868149
2017-11-28,21.83,39.617218,40.545101
2017-11-29,20.790001,39.331963,39.543209
2017-11-30,20.58,39.889744,38.893337
2017-12-01,20.709999,40.064049,38.622547
2017-12-04,20.4,40.29063,38.857235
2017-12-05,20.77,40.316788,38.631584
2017-12-06,21.09,40.482368,38.044888
2017-12-07,21.01,39.898449,38.272587
2017-12-08,21.1,39.488831,38.272587
2017-12-11,22.049999,39.506268,37.9538
2017-12-12,21.65,39.471409,37.826286
2017-12-13,21.66,40.003033,37.707886
2017-12-14,22.58,40.116325,37.170502
2017-12-15,22.23,40.255772,37.298008
2017-12-18,24.68,40.029179,38.390995
2017-12-19,25.08,40.203484,38.700676
2017-12-20,25.200001,40.159904,38.728001
2017-12-21,25.049999,39.741573,38.400097
2017-12-22,24.459999,39.732857,38.272587
2017-12-26,24.26,39.924599,38.072205
2017-12-27,24.23,40.029179,37.625904
2017-12-28,24.309999,39.846161,37.689663
2017-12-29,24.01,39.985603,37.334446
2018-01-02,24.51,39.689285,38.072205
2018-01-03,24.450001,39.602131,39.001247
2018-01-04,23.99,40.159904,40.203522
2018-01-05,24.32,40.151192,40.085121
2018-01-08,24.59,40.090176,40.27639
2018-01-09,24.17,40.29063,40.121555
2018-01-10,24.25,40.151192,39.165188
2018-01-11,24.35,40.125042,40.249065
2018-01-12,25.41,40.220917,40.139767
2018-01-16,24.66,40.552094,40.249065
2018-01-17,24.559999,40.804832,40.103336
2018-01-18,24.040001,40.857128,39.948498
2018-01-19,23.66,41.101158,39.301811
2018-01-22,23.32,41.292889,39.429325
2018-01-23,22.75,41.353901,39.511303
2018-01-24,22.370001,41.685074,40.221737
2018-01-25,22.16,41.693783,39.310921
2018-01-26,24.27,42.295147,39.611496
2018-01-29,25.18,41.571781,39.183414
2018-01-30,25.620001,41.319035,38.891949
2018-01-31,25.809999,41.47591,38.627804
2018-02-01,27.139999,41.353901,38.646023
2018-02-02,25.92,40.726406,37.343552
2018-02-05,25.129999,39.122791,36.013763
2018-02-06,25.24,38.931057,38.126862
2018-02-07,26.91,38.835197,38.609589
2018-02-08,30.18,37.562763,37.115845
2018-02-09,31.51,37.588902,37.762531
2018-02-12,30.950001,38.320995,38.254368
2018-02-13,33.439999,38.512722,37.707886
2018-02-14,33.75,38.434284,38.081322
2018-02-15,33.610001,39.026924,38.117752
2018-02-16,33.060001,39.201225,37.425526
2018-02-20,32.84,38.338413,37.134071
2018-02-21,33.380001,37.771923,36.942791
2018-02-22,32.110001,37.928806,37.261574
2018-02-23,32.66,38.382,37.261574
2018-02-26,32.16,38.373283,37.8354
2018-02-27,31.32,38.015961,36.587574
2018-02-28,31.860001,37.667347,35.840702
2018-03-01,32.240002,37.850365,34.419827
2018-03-02,33.0,38.103111,34.091938
2018-03-05,34.580002,38.25127,34.374287
2018-03-06,34.43,38.286129,34.547344
2018-03-07,35.759998,38.190254,34.374287
2018-03-08,34.849998,38.739319,34.815929
2018-03-09,35.349998,39.061787,34.815929
2018-03-12,35.5,38.809044,34.806725
2018-03-13,34.110001,38.843906,34.972343
2018-03-14,36.599998,38.492214,34.677914
2018-03-15,35.799999,38.3955,34.82513
2018-03-16,35.580002,38.210865,34.907928
2018-03-19,34.98,38.03503,34.052258
2018-03-20,31.35,37.947098,33.941853
2018-03-21,32.73,37.806423,34.576702
2018-03-22,31.200001,37.595413,33.445
2018-03-23,31.030001,37.21735,32.359303
2018-03-26,31.91,37.533871,33.113773
2018-03-27,28.07,37.709705,32.083282
2018-03-28,28.450001,38.087769,32.635334
2018-03-29,29.01,38.184486,33.435802
2018-04-02,28.040001,37.516277,32.902153
2018-04-03,27.540001,38.140522,33.987846
2018-04-04,28.25,38.896656,34.990738
2018-04-05,28.639999,39.037327,34.963139
2018-04-06,28.1,38.615303,34.66872
2018-04-09,28.01,38.536175,34.806725
2018-04-10,29.530001,38.676853,35.947624
2018-04-11,29.389999,38.676853,35.883221
2018-04-12,29.0,38.712025,35.726803
2018-04-13,28.76,39.134041,35.634804
2018-04-16,28.58,39.283516,36.039635
2018-04-17,31.84,39.459354,36.085644
2018-04-18,31.540001,39.134041,35.818821
2018-04-19,31.540001,38.958199,34.751522
2018-04-20,31.91,38.457047,34.604305
2018-04-23,31.219999,38.66806,34.677914
2018-04-24,30.469999,37.86797,34.898735
2018-04-25,29.75,37.305275,35.064346
2018-04-26,30.27,37.586613,35.193153
2018-04-27,29.0,38.078979,34.641113
2018-04-30,30.309999,37.991058,33.803837
2018-05-01,30.299999,37.445942,33.509411
2018-05-02,30.549999,36.979965,33.306992
2018-05-03,30.67,36.830486,33.260986
2018-05-04,31.040001,37.243721,33.776226
2018-05-07,31.33,37.050289,33.435802
2018-05-08,31.85,36.760155,33.426601
2018-05-09,32.459999,36.73378,33.371399
2018-05-10,32.869999,37.085461,34.190273
2018-05-11,32.75,37.050289,33.941853
2018-05-14,33.389999,36.962379,33.702629
2018-05-15,32.75,36.68103,33.987846
2018-05-16,32.77,36.531559,34.990738
2018-05-17,32.580002,37.190971,35.239162
2018-05-18,32.630001,37.085461,34.76992
2018-05-21,33.630001,37.287689,35.045952
2018-05-22,32.860001,37.147003,35.220757
2018-05-23,33.419998,37.278896,34.82513
2018-05-24,33.52,37.208557,35.321976
2018-05-25,33.630001,37.278896,35.239162
2018-05-29,34.040001,37.525082,34.392689
2018-05-30,34.360001,37.920715,34.806725
2018-05-31,34.700001,37.806423,39.287529
2018-06-01,36.650002,37.911942,39.74757
2018-06-04,37.880001,38.23724,40.281219
2018-06-05,39.799999,37.903137,39.940784
2018-06-06,40.099998,38.210865,40.419231
2018-06-07,39.700001,38.193287,40.846161
2018-06-08,41.209999,38.641678,41.068905
2018-06-11,41.419998,38.799938,41.625774
2018-06-12,43.490002,39.046127,41.003937
2018-06-13,44.07,38.843906,41.254528
2018-06-14,46.759998,38.657623,40.437794
2018-06-15,45.799999,39.136627,40.753345
2018-06-18,46.0,38.631016,40.79047
2018-06-19,44.950001,38.675362,39.22197
2018-06-20,46.130001,38.373768,38.934246
2018-06-21,45.240002,38.222965,38.163918
2018-06-22,45.880001,38.364895,38.284576
2018-06-25,44.169998,38.657623,37.690586
2018-06-26,44.84,38.435863,38.061825
2018-06-27,43.700001,38.205223,37.467831
2018-06-28,44.790001,38.560051,37.607052
2018-06-29,43.669998,38.905998,36.567574
2018-07-02,44.98,38.808422,36.660378
2018-07-03,43.889999,39.021313,36.168484
2018-07-05,45.060001,39.615643,36.632538
2018-07-06,46.650002,39.597897,36.344818
2018-07-09,44.139999,39.385002,36.892406
2018-07-10,43.75,39.890617,37.20797
2018-07-11,43.869999,39.730957,36.474758
2018-07-12,45.259998,39.624504,36.446918
2018-07-13,44.490002,39.6866,36.530445
2018-07-16,44.259998,39.677731,36.716072
2018-07-17,44.709999,40.138992,37.152279
2018-07-18,43.34,40.02367,37.003777
2018-07-19,43.439999,40.014809,36.484043
2018-07-20,43.419998,40.165607,36.567574
2018-07-23,43.310001,39.872883,36.446918
2018-07-24,42.169998,40.147854,36.641815
2018-07-25,44.220001,40.884121,34.943375
2018-07-26,42.939999,41.01717,34.10807
2018-07-27,34.119999,40.990559,34.832001
2018-07-30,31.379999,41.008305,34.961937
2018-07-31,31.870001,41.363121,35.184681
2018-08-01,31.91,41.150238,34.470039
2018-08-02,32.82,40.963959,33.987419
2018-08-03,31.959999,41.354252,35.017624
2018-08-06,32.98,41.380867,34.896969
2018-08-07,32.669998,41.247807,34.878407
2018-08-08,31.84,40.93734,34.952652
2018-08-09,31.959999,41.114746,34.813438
2018-08-10,32.009998,40.875244,33.959579
2018-08-13,32.799999,40.653481,33.560493
2018-08-14,33.189999,40.706703,33.597618
2018-08-15,32.380001,40.875244,33.3563
2018-08-16,32.830002,40.999435,33.681145
2018-08-17,32.73,41.33651,33.764675
2018-08-20,32.599998,41.451828,34.126637
2018-08-21,33.689999,40.999435,34.256573
2018-08-22,33.810001,40.742184,33.532646
2018-08-23,33.880001,40.538166,33.105717
2018-08-24,34.279999,40.476074,33.365589
2018-08-27,35.889999,40.529289,34.980499
2018-08-28,35.490002,40.245445,34.6371
2018-08-29,35.349998,40.209965,34.451477
2018-08-30,35.639999,39.872883,33.746113
2018-08-31,35.18,39.535805,33.458397
2018-09-04,34.84,39.704342,33.040749
2018-09-05,32.73,40.254307,32.753033
2018-09-06,30.809999,40.600266,32.255783
2018-09-07,30.49,40.555912,31.814819
2018-09-10,30.540001,40.857502,31.777288
2018-09-11,30.889999,40.822018,31.683468
2018-09-12,29.75,41.01717,31.955551
2018-09-13,30.389999,40.999279,32.133812
2018-09-14,30.120001,41.142418,32.490334
2018-09-17,28.860001,41.437637,32.856236
2018-09-18,29.219999,41.088745,32.931293
2018-09-19,29.52,41.115578,33.522373
2018-09-20,29.85,41.7239,33.850742
2018-09-21,28.5,41.670227,33.137707
2018-09-24,28.6,41.213985,32.602917
2018-09-25,29.110001,40.865093,31.477066
2018-09-26,29.01,41.017166,31.645939
2018-09-27,29.42,41.160309,31.589647
2018-09-28,28.459999,41.321335,31.589647
2018-10-01,28.309999,41.357117,32.086903
2018-10-02,28.190001,41.607601,31.24251
2018-10-03,29.01,41.035069,31.89926
2018-10-04,28.23,41.017166,32.133812
2018-10-05,28.389999,41.044014,32.011845
2018-10-08,28.450001,41.580769,32.133812
2018-10-09,29.27,41.500252,30.632671
2018-10-10,26.790001,40.865093,30.585758
2018-10-11,27.0,39.934711,30.313681
2018-10-12,27.99,39.970501,29.825808
2018-10-15,28.610001,40.176254,30.135416
2018-10-16,29.870001,40.695118,30.341825
2018-10-17,29.549999,41.026127,29.957157
2018-10-18,29.290001,40.802471,29.159676
2018-10-19,28.83,41.446575,29.272263
2018-10-22,29.18,41.124531,29.403612
2018-10-23,28.77,41.473423,30.135416
2018-10-24,27.540001,41.80442,28.671804
2018-10-25,31.799999,41.607601,30.022833
2018-10-26,32.360001,41.079792,30.632671
2018-10-29,32.389999,41.562878,31.083017
2018-10-30,33.860001,42.609554,31.46768
2018-10-31,34.75,42.833195,34.329235
2018-11-01,34.619999,42.707954,34.216652
2018-11-02,34.299999,42.940552,33.803833
2018-11-05,34.02,43.557827,34.010239
2018-11-06,34.419998,43.933556,34.20726
2018-11-07,34.990002,44.166153,34.601318
2018-11-08,34.18,44.130367,34.310467
2018-11-09,34.080002,44.443466,33.494225
2018-11-12,32.009998,44.613449,33.48484
2018-11-13,32.490002,44.604496,33.710014
2018-11-14,32.91,44.515045,33.053265
2018-11-15,33.150002,44.497147,33.353493
2018-11-16,33.669998,44.881824,33.54113
2018-11-19,31.98,45.185982,33.47546
2018-11-20,31.059999,44.175095,32.921917
2018-11-21,31.610001,43.593605,33.353493
2018-11-23,31.120001,43.853039,33.710014
2018-11-26,32.82,43.718845,35.323738
2018-11-27,32.610001,44.166153,34.423054
2018-11-28,32.73,44.470299,34.666992
2018-11-29,31.299999,44.163746,34.488728
2018-11-30,31.450001,45.444122,35.605202
2018-12-03,33.66,44.803928,36.074306
2018-12-04,32.560001,44.704735,34.263557
2018-12-06,32.959999,44.524406,33.846405
2018-12-07,32.830002,44.262936,32.888844
2018-12-10,33.43,44.398174,32.632858
2018-12-11,34.450001,44.668678,32.888844
2018-12-12,36.25,44.380138,33.827442
2018-12-13,35.889999,44.60556,33.287033
2018-12-14,35.869999,44.488338,33.277554
2018-12-17,33.43,43.577656,32.860401
2018-12-18,33.740002,43.568638,33.087936
2018-12-19,32.93,43.189945,33.116386
2018-12-20,29.290001,42.865345,32.49065
2018-12-21,27.309999,42.892391,31.267626
2018-12-24,26.450001,41.440704,30.689297
2018-12-26,28.66,42.324341,31.779591
2018-12-27,28.68,42.856323,32.196747
2018-12-28,28.43,42.558773,32.158821
2018-12-31,28.74,42.694023,31.713224
2019-01-02,28.809999,42.315323,31.89336
2019-01-03,27.99,42.053833,30.575533
2019-01-04,29.950001,42.892391,31.599455
2019-01-07,31.34,42.333351,32.575977
2019-01-08,31.799999,42.811237,33.002617
2019-01-09,32.25,41.990719,33.353401
2019-01-10,33.09,42.441551,32.926765
2019-01-11,32.869999,42.685001,35.249557
2019-01-14,32.369999,42.513691,35.704636
2019-01-15,33.02,42.892391,35.600349
2019-01-16,32.470001,42.306305,35.714115
2019-01-17,32.849998,42.432545,36.273479
2019-01-18,33.27,42.928459,36.605312
2019-01-22,32.25,43.027637,36.169197
2019-01-23,30.969999,43.523552,35.714115
2019-01-24,31.610001,43.00058,36.178677
2019-01-25,32.900002,42.712055,36.633751
2019-01-28,33.130001,42.531719,36.463097
2019-01-29,31.639999,42.739109,36.47258
2019-01-30,32.259998,43.153866,37.060394
2019-01-31,33.560001,43.397327,36.994022
2019-02-01,33.189999,43.911274,36.766479
2019-02-04,33.939999,44.407185,36.908699
2019-02-05,34.369999,44.416199,37.259487
2019-02-06,34.16,44.416199,37.837807
2019-02-07,30.799999,44.560478,36.643238
2019-02-08,30.01,44.63261,36.690636
2019-02-11,30.23,44.731789,36.624275
2019-02-12,30.389999,44.776871,37.003498
2019-02-13,31.120001,44.894093,36.97506
2019-02-14,30.959999,41.10709,36.870773
2019-02-15,31.23,40.7915,37.060394
2019-02-19,31.65,40.421814,37.477543
2019-02-20,31.370001,40.66526,37.875732
2019-02-21,30.76,41.350536,37.56287
2019-02-22,31.709999,40.827564,37.913658
2019-02-25,31.99,40.521004,38.05587
2019-02-26,31.01,40.295582,38.027428
2019-02-27,30.41,40.521004,37.923141
2019-02-28,30.780001,40.881664,37.430138
2019-03-01,30.620001,40.917736,37.477543
2019-03-04,30.5,41.161186,37.212078
2019-03-05,31.030001,41.116096,37.240524
2019-03-06,30.799999,40.980854,36.662193
2019-03-07,30.120001,40.827564,36.422825
2019-03-08,30.040001,40.430828,36.37495
2019-03-11,30.870001,41.639065,36.978168
2019-03-12,31.16,41.521851,36.978168
2019-03-13,31.299999,41.675137,37.150509
2019-03-14,31.030001,41.565987,36.413246
2019-03-15,31.219999,41.202171,36.451546
2019-03-18,31.08,41.302219,36.365376
2019-03-19,31.27,41.43866,36.643047
2019-03-20,32.57,41.411366,35.427036
2019-03-21,32.610001,41.393173,35.762154
2019-03-22,33.02,41.775188,34.890846
2019-03-25,32.59,41.866142,35.18766
2019-03-26,33.060001,42.420952,35.302563
2019-03-27,32.279999,42.393669,35.053616
2019-03-28,32.869999,42.366386,35.484489
2019-03-29,32.880001,42.621059,35.522785
2019-04-01,33.439999,42.493725,36.154728
2019-04-02,33.75,42.357292,36.202602
2019-04-03,34.380001,42.002571,36.757942
2019-04-04,34.419998,42.275433,37.140938
2019-04-05,34.720001,42.266335,37.284561
2019-04-08,34.860001,42.3391,37.399464
2019-04-09,35.139999,42.448242,37.207966
2019-04-10,34.75,42.420952,37.581383
2019-04-11,34.580002,42.484627,37.657982
2019-04-12,34.369999,42.511913,38.021824
2019-04-15,34.709999,42.748394,37.887779
2019-04-16,34.459999,42.702915,37.973953
2019-04-17,34.48,43.003063,38.289925
2019-04-18,34.400002,43.184971,38.586742
2019-04-22,34.389999,43.112209,37.820755
2019-04-23,39.77,43.848934,38.13673
2019-04-24,39.290001,43.63974,38.031403
2019-04-25,38.48,43.512405,37.447334
2019-04-26,38.669998,43.894409,37.993107
2019-04-29,39.779999,44.03994,38.309067
2019-04-30,39.91,44.622047,37.29414
2019-05-01,39.290001,44.194557,37.102634
2019-05-02,39.950001,44.012653,36.623894
2019-05-03,40.799999,44.312801,37.150509
2019-05-06,40.23,44.085419,36.470695
2019-05-07,38.619999,43.657932,36.891991
2019-05-08,38.580002,43.5215,36.585594
2019-05-09,38.790001,43.112209,35.98238
2019-05-10,38.450001,43.83075,36.279202
2019-05-13,36.59,43.703411,35.005741
2019-05-14,36.93,44.285511,35.465336
2019-05-15,37.900002,44.731182,35.781303
2019-05-16,38.299999,45.095005,35.790882
2019-05-17,37.5,44.749374,35.427036
2019-05-20,37.150002,44.431042,35.398315
2019-05-21,37.470001,44.203651,35.55151
2019-05-22,38.580002,45.15868,34.038681
2019-05-23,37.189999,45.340576,33.636536
2019-05-24,37.41,45.122292,33.626961
2019-05-28,37.290001,44.658432,33.368435
2019-05-29,36.849998,44.212749,33.310989
2019-05-30,37.139999,44.794853,33.339718
2019-05-31,36.439999,44.685707,31.922632
2019-06-03,34.43,45.458824,32.267326
2019-06-04,36.099998,45.477016,34.211025
2019-06-05,36.330002,46.186455,34.316353
2019-06-06,36.59,46.75037,34.055058
2019-06-07,37.93,46.832237,34.345383
2019-06-10,37.639999,46.732178,34.84861
2019-06-11,37.209999,46.686703,35.032486
2019-06-12,37.490002,46.968662,34.519577
2019-06-13,36.34,46.867832,34.858288
2019-06-14,36.150002,47.032833,34.509899
2019-06-17,36.439999,46.629498,34.974415
2019-06-18,36.650002,46.418671,35.516357
2019-06-19,36.290001,46.858662,35.593781
2019-06-20,35.439999,47.353649,35.767975
2019-06-21,35.02,47.252815,35.729259
2019-06-24,35.580002,47.591972,35.767975
2019-06-25,34.720001,47.445305,36.464748
2019-06-26,35.220001,46.858662,36.900238
2019-06-27,34.75,46.821999,37.08411
2019-06-28,34.900002,46.675331,37.287334
2019-07-01,36.080002,47.298641,37.50024
2019-07-02,36.220001,47.646969,37.103466
2019-07-03,36.02,47.756969,36.929272
2019-07-05,36.25,47.766136,37.258308
2019-07-08,36.450001,47.66531,36.997013
2019-07-09,37.650002,47.289478,36.851849
2019-07-10,37.470001,47.500301,36.871208
2019-07-11,37.209999,47.701969,37.190559
2019-07-12,37.84,47.775299,37.945404
2019-07-15,38.68,47.78447,38.090569
2019-07-16,37.990002,47.79364,38.158314
2019-07-17,37.700001,47.830296,37.897018
2019-07-18,37.66,47.692802,37.858307
2019-07-19,36.77,47.106159,38.206699
2019-07-22,37.580002,46.950325,38.57444
2019-07-23,37.900002,49.801075,39.397026
2019-07-24,38.73,49.296928,39.561546
2019-07-25,38.119999,48.646111,39.435738
2019-07-26,41.52,49.654419,39.455093
2019-07-29,41.5,49.489414,39.367996
2019-07-30,41.0,49.24192,39.126057
2019-07-31,42.310001,48.242794,39.03896
2019-08-01,42.080002,47.692802,38.855087
2019-08-02,42.849998,47.9678,38.497021
2019-08-05,40.369999,47.344482,37.75185
2019-08-06,41.32,47.912804,37.819603
2019-08-07,41.73,48.746944,38.119598
2019-08-08,42.07,49.214428,38.806702
2019-08-09,41.529999,48.966934,38.332504
2019-08-12,40.48,48.76527,37.606697
2019-08-13,41.810001,49.040264,37.75185
2019-08-14,40.650002,48.572781,35.990555
2019-08-15,40.09,49.379429,35.293777
2019-08-16,40.580002,49.874409,35.806683
2019-08-19,41.700001,50.131069,36.155075
2019-08-20,42.290001,49.388596,35.767975
2019-08-21,42.799999,49.590248,35.922806
2019-08-22,42.18,49.947739,36.058296
2019-08-23,41.0,49.260265,34.896999
2019-08-26,41.439999,49.993565,35.080872
2019-08-27,42.139999,50.158569,34.732479
2019-08-28,41.68,50.516056,35.264744
2019-08-29,42.490002,50.46106,35.719585
2019-08-30,42.650002,50.451893,35.89378
2019-09-03,41.959999,50.690216,35.719585
2019-09-04,43.360001,51.121044,37.006691
2019-09-05,45.299999,50.52523,37.857082
2019-09-06,45.419998,50.626049,37.905952
2019-09-09,44.259998,49.975239,38.687923
2019-09-10,43.25,49.865246,38.687923
2019-09-11,43.25,50.204391,38.570625
2019-09-12,43.200001,50.516056,38.189419
2019-09-13,42.630001,50.100555,37.98415
2019-09-16,42.759998,49.823551,36.371338
2019-09-17,43.240002,50.082088,37.426998
2019-09-18,43.240002,50.072861,37.319477
2019-09-19,42.93,50.340622,36.92849
2019-09-20,43.23,49.777386,36.527733
2019-09-23,43.380001,49.989754,36.400665
2019-09-24,41.419998,50.137489,35.941254
2019-09-25,42.5,50.017452,36.273594
2019-09-26,42.439999,50.220589,36.762325
2019-09-27,41.349998,50.146725,36.576607
2019-09-30,41.200001,50.266754,36.635254
2019-10-01,40.25,50.460659,35.296131
2019-10-02,39.700001,49.011013,33.898361
2019-10-03,40.0,49.712757,34.191601
2019-10-04,40.360001,50.359085,34.123177
2019-10-07,40.799999,49.740456,33.966785
2019-10-08,39.700001,49.472683,33.116394
2019-10-09,39.5,49.703514,33.370529
2019-10-10,39.540001,49.546547,33.878811
2019-10-11,40.360001,49.214146,34.768299
2019-10-14,39.779999,49.214146,34.699879
2019-10-15,40.279999,49.408051,35.442749
2019-10-16,39.91,49.389576,35.823963
2019-10-17,39.610001,49.666584,35.374325
2019-10-18,38.990002,50.580692,35.354778
2019-10-21,40.09,50.072861,35.12019
2019-10-22,38.810001,49.721977,35.491623
2019-10-23,38.830002,50.451431,35.784866
2019-10-24,30.75,50.423721,35.012669
2019-10-25,30.299999,49.62965,35.911934
2019-10-28,30.059999,49.463448,35.814186
2019-10-29,29.85,49.315716,37.348797
2019-10-30,29.860001,49.805084,37.055561
2019-10-31,29.969999,50.257526,36.322464
2019-11-01,29.620001,49.768154,37.114208
2019-11-04,30.049999,49.066414,37.524746
2019-11-05,29.809999,48.401604,37.368351
2019-11-06,29.540001,48.752472,37.554066
2019-11-07,29.049999,48.281574,37.62249
2019-11-08,29.209999,48.207706,37.798431
2019-11-11,29.34,47.866062,37.847305
2019-11-12,29.049999,47.746025,37.720234
2019-11-13,29.08,48.392376,36.351791
2019-11-14,28.889999,48.595512,35.970581
2019-11-15,29.25,48.632435,36.058548
2019-11-18,29.49,48.964844,35.794636
2019-11-19,29.440001,49.011013,35.560051
2019-11-20,29.17,49.140278,34.484837
2019-11-21,29.790001,48.900215,33.888588
2019-11-22,30.030001,48.964844,34.533714
2019-11-25,30.540001,49.140278,35.002895
2019-11-26,30.959999,49.768154,35.100639
2019-11-27,31.17,49.81432,35.325455
2019-11-29,30.91,49.674786,35.18861
2019-12-02,30.42,50.000366,35.071316
2019-12-03,29.969999,50.046886,34.729202
2019-12-04,30.0,50.502693,34.993114
2019-12-05,30.040001,50.409668,34.884445
2019-12-06,30.190001,50.623627,35.111671
2019-12-09,30.209999,50.298046,34.953602
2019-12-10,29.84,50.01897,34.686855
2019-12-11,30.549999,50.186417,34.815289
2019-12-12,30.299999,50.363159,35.664921
2019-12-13,30.389999,50.623627,35.220348
2019-12-16,30.969999,50.623627,35.674805
2019-12-17,30.700001,50.623627,35.872395
2019-12-18,31.68,50.149204,36.86034
2019-12-19,32.029999,50.530598,36.81094
2019-12-20,32.130001,51.135258,36.801064
2019-12-23,32.43,51.079449,36.326847
2019-12-24,32.5,50.893394,36.139141
2019-12-26,32.630001,51.18177,36.040344
2019-12-27,32.549999,51.488754,36.119381
2019-12-30,32.029999,51.41433,36.000824
2019-12-31,32.049999,51.488754,36.158894
2020-01-02,32.299999,51.153866,36.929497
2020-01-03,31.52,50.87479,35.882271
2020-01-06,31.639999,50.856182,35.408058
2020-01-07,32.540001,50.465488,34.726376
2020-01-08,33.049999,50.55851,34.232399
2020-01-09,33.220001,51.47945,34.657219
2020-01-10,32.779999,51.656185,34.232399
2020-01-13,32.689999,52.214336,34.558422
2020-01-14,32.82,52.093407,34.726376
2020-01-15,33.23,52.744572,34.726376
2020-01-16,34.189999,52.856201,35.121552
2020-01-17,34.220001,52.967831,35.170948
2020-01-21,34.09,53.181782,34.568302
2020-01-22,34.02,53.591091,34.489265
2020-01-23,33.889999,53.795746,34.459629
2020-01-24,33.189999,53.6562,33.896496
2020-01-27,32.779999,53.470158,33.007343
2020-01-28,33.419998,53.032948,33.23457
2020-01-29,33.630001,53.032948,33.195053
2020-01-30,33.220001,54.753891,32.92831
2020-01-31,32.48,54.325981,32.987583
2020-02-03,33.07,54.493427,33.313606
2020-02-04,33.959999,54.735287,33.955772
2020-02-05,33.389999,54.744587,34.607819
2020-02-06,38.41,54.874821,33.916256
2020-02-07,37.029999,55.060867,33.224693
2020-02-10,35.959999,55.581802,33.837219
2020-02-11,35.650002,55.432968,34.588058
2020-02-12,36.790001,55.26553,35.062275
2020-02-13,37.16,55.451569,34.864685
2020-02-14,36.91,55.767849,34.341072
2020-02-18,38.060001,55.377151,33.995289
2020-02-19,38.77,55.600414,34.499142
2020-02-20,39.049999,55.553898,34.864685
2020-02-21,38.310001,55.935299,34.232399
2020-02-24,35.889999,54.558548,32.6912
2020-02-25,35.209999,53.786438,31.36735
2020-02-26,34.630001,53.581779,31.614336
2020-02-27,33.009998,51.098049,30.339882
2020-02-28,33.200001,49.758499,30.132414
2020-03-02,35.82,52.018982,31.041327
2020-03-03,34.93,52.149223,30.152174
2020-03-04,36.0,54.809696,31.150002
2020-03-05,34.970001,52.781784,30.1
2020-03-06,33.459999,51.405033,28.690001
2020-03-09,32.459999,48.24221,24.690001
2020-03-10,34.310001,49.916641,27.120001
2020-03-11,31.299999,48.567802,26.0
2020-03-12,26.780001,43.87009,23.040001
2020-03-13,29.290001,45.484138,24.709999
2020-03-16,24.040001,42.47187,21.0
2020-03-17,24.48,44.273598,20.32
2020-03-18,22.0,42.087128,16.799999
2020-03-19,24.129999,39.253174,17.709999
2020-03-20,23.950001,35.940632,18.139999
2020-03-23,24.690001,35.246216,17.6
2020-03-24,25.85,37.019787,21.110001
2020-03-25,25.969999,39.046722,21.49
2020-03-26,26.41,41.561638,22.559999
2020-03-27,25.290001,40.172806,21.379999
2020-03-30,25.59,42.227894,21.32
2020-03-31,24.559999,41.524097,20.780001
2020-04-01,23.32,39.525307,19.26
2020-04-02,23.02,41.24258,18.190001
2020-04-03,23.09,41.129974,18.040001
2020-04-06,24.93,43.795017,19.549999
2020-04-07,25.610001,43.644878,21.299999
2020-04-08,27.860001,44.87418,23.129999
2020-04-09,27.77,45.981487,24.059999
2020-04-13,27.209999,44.039001,23.01
2020-04-14,27.940001,45.906414,22.98
2020-04-15,27.51,44.677109,21.66
2020-04-16,26.549999,44.198528,20.870001
2020-04-17,26.700001,45.099396,22.48
2020-04-20,27.01,43.663639,22.379999
2020-04-21,25.75,42.584488,21.24
2020-04-22,28.440001,42.866005,21.299999
2020-04-23,27.860001,42.293583,21.52
2020-04-24,28.74,42.631401,21.950001
2020-04-27,30.0,43.898243,22.450001
2020-04-28,28.790001,43.86071,22.18
2020-04-29,31.09,44.217297,23.780001
2020-04-30,28.68,43.063065,22.290001
2020-05-01,27.84,42.790936,20.9
2020-05-04,28.23,42.359268,20.75
2020-05-05,28.07,42.60326,21.26
2020-05-06,27.68,41.993294,21.889999
2020-05-07,28.77,41.852531,22.440001
2020-05-08,29.93,43.269516,23.93
2020-05-11,29.690001,42.734627,22.799999
2020-05-12,29.15,42.058975,22.559999
2020-05-13,28.129999,41.233189,21.459999
2020-05-14,28.559999,41.007977,22.309999
2020-05-15,29.0,40.595078,22.629999
2020-05-18,29.639999,42.199745,24.809999
2020-05-19,29.879999,41.79623,24.690001
2020-05-20,32.23,43.063065,25.48
2020-05-21,32.34,42.387421,25.799999
2020-05-22,32.619999,42.256039,25.98
2020-05-26,34.009998,43.250748,27.4
2020-05-27,33.07,43.851322,27.790001
2020-05-28,31.6,44.189144,26.68
2020-05-29,30.969999,43.804409,25.879999
2020-06-01,31.889999,44.09531,26.940001
2020-06-02,32.259998,44.010849,27.41
2020-06-03,34.880001,44.949249,29.07
2020-06-04,33.720001,44.96801,29.16
2020-06-05,34.869999,46.065945,30.610001
2020-06-08,36.639999,46.779125,30.68
2020-06-09,35.919998,45.981487,29.860001
2020-06-10,35.139999,45.624893,28.75
2020-06-11,33.029999,42.734627,26.5
2020-06-12,33.400002,43.179688,27.959999
2020-06-15,34.110001,43.842533,27.77
2020-06-16,34.630001,44.287582,27.780001
2020-06-17,34.34,44.107674,27.16
2020-06-18,34.029999,44.495911,27.09
2020-06-19,33.41,43.577396,26.59
2020-06-22,33.470001,43.312252,26.370001
2020-06-23,32.91,43.217556,26.25
2020-06-24,31.73,42.280106,25.280001
2020-06-25,31.370001,42.545242,25.23
2020-06-26,29.049999,41.257435,24.459999
2020-06-29,29.49,42.005497,25.299999
2020-06-30,29.790001,42.308517,25.299999
2020-07-01,30.809999,42.441078,24.959999
2020-07-02,30.870001,42.497898,25.24
2020-07-06,32.34,42.829323,25.73
2020-07-07,32.990002,42.810383,25.129999
2020-07-08,35.41,42.677814,24.940001
2020-07-09,35.720001,41.579384,23.42
2020-07-10,35.400002,42.753567,24.389999
2020-07-13,33.82,42.848259,24.860001
2020-07-14,34.380001,43.435352,25.639999
2020-07-15,35.669998,43.937225,26.879999
2020-07-16,35.279999,43.700497,26.85
2020-07-17,35.810001,44.334927,26.450001
2020-07-20,37.060001,43.672081,26.01
2020-07-21,37.009998,44.694759,26.15
2020-07-22,36.939999,45.906822,26.299999
2020-07-23,38.439999,45.717434,26.76
2020-07-24,37.540001,45.91629,26.25
2020-07-27,36.849998,45.906822,25.700001
2020-07-28,36.610001,45.622749,26.33
2020-07-29,37.16,45.471241,25.889999
2020-07-30,36.720001,45.158756,25.200001
2020-07-31,36.400002,44.732639,24.889999
2020-08-03,36.389999,43.842533,25.639999
2020-08-04,36.349998,44.211826,25.799999
2020-08-05,36.790001,44.713699,26.33
2020-08-06,37.689999,44.959892,26.620001
2020-08-07,37.139999,45.262913,26.719999
2020-08-10,37.439999,45.18716,27.98
2020-08-11,37.279999,45.386013,28.52
2020-08-12,37.439999,45.859474,28.030001
2020-08-13,37.82,45.812134,27.549999
2020-08-14,37.900002,45.878414,27.860001
2020-08-17,37.970001,45.651154,30.01
2020-08-18,38.009998,45.850002,29.84
2020-08-19,38.889999,44.855736,29.219999
2020-08-20,38.959999,44.8368,28.83
2020-08-21,39.259998,44.770512,28.559999
2020-08-24,40.490002,45.423897,30.309999
2020-08-25,40.549999,45.367077,29.690001
2020-08-26,41.080002,45.603802,29.48
2020-08-27,40.389999,45.670094,29.690001
2020-08-28,41.07,47.185169,30.02
2020-08-31,40.580002,46.901089,29.629999
2020-09-01,41.150002,46.512848,29.790001
2020-09-02,43.669998,48.47298,30.959999
2020-09-03,41.630001,47.800663,29.48
2020-09-04,39.869999,48.33094,30.0
2020-09-08,38.189999,47.166229,32.380001
2020-09-09,39.560001,47.526058,31.950001
2020-09-10,38.950001,47.346146,30.17
2020-09-11,38.93,48.349884,30.459999
2020-09-14,38.77,48.407154,31.18
2020-09-15,39.09,48.731716,31.58
2020-09-16,39.599998,48.483524,31.790001
2020-09-17,39.349998,48.254425,31.92
2020-09-18,40.150002,48.158966,31.5
2020-09-21,39.900002,46.860725,30.0
2020-09-22,42.73,47.404835,29.440001
2020-09-23,45.330002,46.020687,29.34
2020-09-24,43.139999,46.488434,29.110001
2020-09-25,43.84,46.507526,29.0
2020-09-28,44.150002,47.042095,29.440001
2020-09-29,44.740002,46.698444,28.74
2020-09-30,44.5,47.128006,29.59
2020-10-01,46.700001,46.946636,30.379999
2020-10-02,46.119999,47.118469,30.459999
2020-10-05,47.310001,47.137554,30.959999
2020-10-06,45.599998,46.717537,30.4
2020-10-07,45.869999,47.309383,31.620001
2020-10-08,46.009998,48.16851,32.209999
2020-10-09,45.900002,48.502621,32.16
2020-10-12,48.25,48.769901,32.209999
2020-10-13,47.0,47.939407,31.870001
2020-10-14,45.98,47.843948,31.67
2020-10-15,46.029999,47.719852,32.59
2020-10-16,45.810001,47.758038,33.450001
2020-10-19,45.82,47.366653,33.349998
2020-10-20,46.349998,47.968048,35.599998
2020-10-21,50.240002,47.719852,35.77
2020-10-22,50.279999,48.378525,37.41
2020-10-23,50.439999,48.225784,36.830002
2020-10-26,49.0,47.538483,35.82
2020-10-27,51.27,47.633945,34.889999
2020-10-28,48.529999,45.78204,34.09
2020-10-29,52.43,45.839321,34.889999
2020-10-30,41.360001,45.877499,34.529999
2020-11-02,39.470001,46.412067,34.549999
2020-11-03,41.73,47.108917,35.349998
2020-11-04,42.759998,46.937088,35.240002
2020-11-05,43.709999,47.194832,37.139999
2020-11-06,43.119999,47.204376,37.470001
2020-11-09,43.189999,50.18269,38.959999
2020-11-10,42.41,51.52866,41.080002
2020-11-11,43.630001,51.146828,40.560001
2020-11-12,42.810001,50.602707,39.32
2020-11-13,43.48,51.022732,41.189999
2020-11-16,42.73,51.40456,42.130001
2020-11-17,42.849998,51.242283,41.98
2020-11-18,43.330002,50.220871,42.720001
2020-11-19,43.619999,50.717258,42.82
2020-11-20,44.68,50.278145,43.040001
2020-11-23,44.939999,50.287693,44.77
2020-11-24,45.23,50.803173,46.459999
2020-11-25,46.43,50.526344,45.459999
2020-11-27,46.59,50.306789,45.060001
2020-11-30,46.509998,49.642956,43.84
2020-12-01,46.669998,50.066269,44.68
2020-12-02,47.23,50.133614,44.580002
2020-12-03,47.790001,50.778202,44.09
2020-12-04,47.73,51.807617,44.400002
2020-12-07,47.900002,50.98024,44.310001
2020-12-08,47.43,51.163033,43.799999
2020-12-09,47.23,51.307343,44.43
2020-12-10,51.209999,51.03796,42.869999
2020-12-11,51.439999,51.326584,41.919998
2020-12-14,52.02,51.249619,41.619999
2020-12-15,52.82,51.798004,41.66
2020-12-16,54.029999,51.047588,41.419998
2020-12-17,54.630001,51.249619,42.029999
2020-12-18,55.869999,51.701801,41.009998
2020-12-21,54.639999,50.807068,41.209999
2020-12-22,54.91,50.758961,40.900002
2020-12-23,54.299999,51.066826,42.450001
2020-12-24,53.970001,51.41317,41.580002
2020-12-28,54.43,52.105862,41.66
2020-12-29,54.360001,52.077003,41.57
2020-12-30,54.330002,52.37524,41.84
2020-12-31,54.150002,52.760075,41.639999
2021-01-04,54.529999,50.758961,40.509998
2021-01-05,53.880001,50.200958,41.66
2021-01-06,53.259998,48.603916,42.98
2021-01-07,52.330002,48.065155,43.32
2021-01-08,51.48,49.142681,43.060001
2021-01-11,48.18,48.296059,45.009998
2021-01-12,47.040001,48.209473,47.82
2021-01-13,47.220001,48.257568,48.73
2021-01-14,45.790001,47.362846,51.529999
2021-01-15,45.18,46.852943,49.970001
2021-01-19,45.93,46.670155,54.84
2021-01-20,47.599998,46.833706,55.860001
2021-01-21,47.119999,47.093464,55.080002
2021-01-22,48.060001,46.650909,55.400002
2021-01-25,47.84,46.929909,53.389999
2021-01-26,49.669998,47.420574,52.040001
2021-01-27,48.189999,46.689396,49.34
2021-01-28,51.57,47.285881,51.040001
2021-01-29,50.529999,46.323807,50.68
2021-02-01,52.66,46.641293,51.509998
2021-02-02,54.0,47.103088,52.720001
2021-02-03,54.580002,46.920292,54.25
2021-02-04,56.509998,47.151188,54.130001
2021-02-05,56.779999,47.766918,54.41
2021-02-08,58.200001,48.02668,56.880001
2021-02-09,59.869999,47.815018,56.060001
2021-02-10,67.769997,47.718807,54.880001
2021-02-11,68.559998,48.392265,53.5
2021-02-12,71.900002,48.767471,53.599998
2021-02-16,73.959999,48.3634,53.459999
2021-02-17,71.790001,48.228714,52.889999
2021-02-18,72.260002,48.844437,52.16
2021-02-19,72.279999,48.209473,52.57
2021-02-22,70.489998,48.709751,51.98
2021-02-23,73.169998,48.623161,51.110001
2021-02-24,71.919998,48.786709,52.900002
2021-02-25,74.589996,48.267193,50.599998
2021-02-26,77.059998,47.131947,51.330002
2021-03-01,77.629997,48.007439,52.540001
2021-03-02,73.669998,48.199844,54.110001
2021-03-03,70.860001,48.0844,52.669998
2021-03-04,66.75,48.045914,51.830002
2021-03-05,66.949997,48.863678,53.75
2021-03-08,63.48,49.681446,54.98
2021-03-09,67.519997,48.931026,54.650002
2021-03-10,64.830002,49.489025,56.830002
2021-03-11,68.459999,48.950268,56.330002
2021-03-12,68.099998,48.85326,59.259998
2021-03-15,70.279999,49.503208,57.939999
2021-03-16,69.25,49.687527,57.119999
2021-03-17,70.199997,49.706932,60.049999
2021-03-18,66.720001,49.056973,59.27
2021-03-19,66.230003,49.289795,59.82
2021-03-22,65.209999,49.474106,58.099998
2021-03-23,64.269997,49.852444,56.16
2021-03-24,62.060001,49.97855,55.810001
2021-03-25,61.200001,50.463589,56.599998
2021-03-26,61.259998,51.453075,56.52
2021-03-29,62.939999,52.238834,55.939999
2021-03-30,62.990002,51.559784,58.509998
2021-03-31,63.630001,51.132946,57.459999
2021-04-01,63.830002,50.938931,57.799999
2021-04-05,64.239998,51.229958,61.040001
2021-04-06,67.0,51.598587,61.939999
2021-04-07,68.989998,51.685894,60.830002
2021-04-08,71.220001,51.530678,60.09
2021-04-09,71.190002,51.588882,60.16
2021-04-12,70.860001,51.753792,59.66
2021-04-13,72.449997,51.501579,58.490002
2021-04-14,69.739998,51.491875,58.48
2021-04-15,71.709999,51.734394,58.610001
2021-04-16,70.120003,52.073925,58.709999
2021-04-19,67.940002,52.38435,57.880001
2021-04-20,65.699997,52.549263,55.77
2021-04-21,67.330002,52.976101,57.490002
2021-04-22,64.309998,52.811184,56.66
2021-04-23,67.019997,52.840286,57.529999
2021-04-26,66.720001,52.054523,58.209999
2021-04-27,66.010002,51.976917,58.970001
2021-04-28,65.699997,51.986618,58.549999
2021-04-29,65.089996,52.636566,56.57
2021-04-30,55.220001,52.364948,57.220001
2021-05-03,54.580002,52.849991,57.150002
2021-05-04,54.400002,52.520161,55.34
2021-05-05,53.560001,52.38435,57.580002
2021-05-06,53.810001,52.908195,58.720001
2021-05-07,53.790001,52.879089,58.990002
2021-05-10,51.810001,53.267124,57.41
2021-05-11,52.880001,52.694771,55.73
2021-05-12,50.700001,52.423153,53.759998
2021-05-13,50.110001,52.879089,54.599998
2021-05-14,51.73,53.092506,56.0
2021-05-17,52.599998,53.005199,56.040001
2021-05-18,53.189999,52.714176,55.889999
2021-05-19,52.919998,52.549263,55.529999
2021-05-20,54.709999,53.014908,55.509998
2021-05-21,54.450001,52.985798,56.720001
2021-05-24,57.060001,53.160412,56.599998
2021-05-25,57.0,53.150711,56.759998
2021-05-26,57.849998,53.383533,58.080002
2021-05-27,58.080002,53.829777,59.77
2021-05-28,58.0,53.635754,59.310001
2021-06-01,57.439999,53.626049,59.650002
2021-06-02,57.16,53.83947,59.650002
2021-06-03,57.009998,53.975281,63.459999
2021-06-04,59.0,54.557331,63.369999
2021-06-07,59.630001,54.363316,63.23
2021-06-08,58.810001,53.984982,63.919998
2021-06-09,59.709999,53.820068,62.77
2021-06-10,60.299999,54.237202,61.34
2021-06-11,60.5,54.479721,61.490002
2021-06-14,60.830002,54.294022,60.790001
2021-06-15,60.23,54.157188,60.810001
2021-06-16,59.93,53.433918,61.759998
2021-06-17,60.709999,53.707588,60.080002
2021-06-18,60.849998,52.554264,58.759998
2021-06-21,61.959999,53.130928,59.299999
2021-06-22,63.779999,53.326408,59.240002
2021-06-23,66.489998,52.896351,60.119999
2021-06-24,68.25,53.160248,60.040001
2021-06-25,67.93,53.091831,60.299999
2021-06-28,68.290001,53.033188,58.639999
2021-06-29,69.0,52.642235,58.830002
2021-06-30,68.809998,52.886578,59.169998
2021-07-01,68.110001,52.739971,59.110001
2021-07-02,69.199997,52.954994,58.959999
2021-07-06,70.209999,52.661777,57.459999
2021-07-07,68.760002,53.091831,56.59
2021-07-08,66.830002,52.906128,56.060001
2021-07-09,68.970001,53.228664,58.759998
2021-07-12,69.860001,53.248215,58.970001
2021-07-13,69.599998,53.776009,58.73
2021-07-14,70.269997,54.987968,58.0
2021-07-15,68.07,55.163895,56.950001
2021-07-16,66.410004,55.124805,55.459999
2021-07-19,66.019997,54.469952,54.18
2021-07-20,67.940002,54.567692,56.150002
2021-07-21,69.540001,55.271412,57.049999
2021-07-22,69.57,55.193222,55.639999
2021-07-23,71.690002,55.721008,54.939999
2021-07-26,68.690002,55.769882,55.77
2021-07-27,68.330002,55.965355,55.0
2021-07-28,69.959999,55.457115,55.490002
2021-07-29,70.370003,55.760105,57.279999
2021-07-30,69.75,55.740555,56.84
2021-08-02,69.129997,55.593952,57.029999
2021-08-03,68.629997,55.633045,57.880001
2021-08-04,68.699997,54.831581,52.720001
2021-08-05,69.279999,55.222542,54.439999
2021-08-06,67.370003,55.359375,55.049999
2021-08-09,67.010002,55.369156,53.950001
2021-08-10,65.68,55.515755,54.259998
2021-08-11,65.459999,55.447342,54.27
2021-08-12,64.949997,55.554852,54.619999
2021-08-13,64.82,55.936039,53.650002
2021-08-16,63.779999,56.180382,52.950001
2021-08-17,62.880001,55.984905,50.470001
2021-08-18,62.119999,55.222542,50.84
2021-08-19,62.049999,55.574402,49.080002
2021-08-20,62.52,55.359375,48.799999
2021-08-23,64.129997,55.163895,48.18
2021-08-24,63.98,54.743622,49.57
2021-08-25,64.169998,54.802265,49.700001
2021-08-26,62.610001,54.284248,48.619999
2021-08-27,63.43,54.391762,49.799999
2021-08-30,64.699997,54.909775,49.169998
2021-08-31,64.5,55.036839,49.009998
2021-09-01,65.550003,55.408245,49.110001
2021-09-02,64.599998,55.486439,48.950001
2021-09-03,64.660004,55.447342,48.82
2021-09-07,64.980003,54.411308,48.720001
2021-09-08,62.27,55.144352,48.970001
2021-09-09,62.459999,54.597012,48.419998
2021-09-10,61.560001,54.352665,49.490002
2021-09-13,59.66,54.802265,50.82
2021-09-14,60.189999,54.841652,50.740002
2021-09-15,61.84,55.028763,51.82
2021-09-16,62.290001,54.506832,51.52
2021-09-17,62.470001,53.610695,51.330002
2021-09-20,60.950001,53.236485,49.369999
2021-09-21,62.779999,53.226635,49.369999
2021-09-22,64.25,53.30542,50.779999
2021-09-23,66.690002,53.216793,51.919998
2021-09-24,67.220001,53.069073,52.23
2021-09-27,65.370003,52.793339,53.240002
2021-09-28,62.450001,51.838116,52.849998
2021-09-29,60.07,52.15324,52.93
2021-09-30,60.389999,51.670708,52.709999
2021-10-01,61.98,52.212326,53.130001
2021-10-04,58.389999,52.182789,53.98
2021-10-05,59.860001,52.271416,54.34
2021-10-06,61.290001,52.891815,53.93
2021-10-07,63.970001,53.059227,56.439999
2021-10-08,63.68,53.29557,58.57
2021-10-11,62.099998,53.403893,58.09
2021-10-12,61.450001,53.403893,58.959999
2021-10-13,62.200001,53.413742,57.77
2021-10-14,63.169998,53.778107,57.689999
2021-10-15,62.77,53.650085,58.0
2021-10-18,64.839996,53.118309,56.889999
2021-10-19,66.110001,53.325115,56.849998
2021-10-20,65.800003,53.797802,57.669998
2021-10-21,65.400002,53.522064,58.41
2021-10-22,62.240002,53.620544,57.77
2021-10-25,62.110001,53.403893,57.759998
2021-10-26,61.43,53.64024,57.369999
2021-10-27,54.810001,54.674244,54.259998
2021-10-28,54.290001,55.186321,54.240002
2021-10-29,53.540001,55.511295,54.43
2021-11-01,55.110001,55.314342,55.490002
2021-11-02,53.990002,55.245407,55.59
2021-11-03,54.529999,55.432514,56.0
2021-11-04,53.68,55.737793,58.639999
2021-11-05,53.150002,55.974136,58.52
2021-11-08,54.080002,55.471905,59.599998
2021-11-09,53.700001,55.629467,58.619999
2021-11-10,52.330002,55.855965,59.27
2021-11-11,51.98,55.87566,61.82
2021-11-12,52.25,55.747639,63.400002
2021-11-15,52.950001,55.757484,62.970001
2021-11-16,52.110001,55.363583,62.610001
2021-11-17,50.610001,55.0583,64.610001
2021-11-18,48.599998,54.565918,62.330002
2021-11-19,48.400002,54.290188,61.799999
2021-11-22,47.310001,54.625008,64.059998
2021-11-23,47.139999,55.028763,63.049999
2021-11-24,47.52,54.585617,62.189999
2021-11-26,47.07,52.91151,60.169998
2021-11-29,45.779999,53.748566,59.860001
2021-11-30,43.939999,52.051556,57.869999
2021-12-01,42.82,51.902695,58.060001
2021-12-02,42.650002,52.666843,61.02
2021-12-03,42.07,53.133274,59.709999
2021-12-06,44.470001,54.492867,59.84
2021-12-07,44.459999,54.790588,61.529999
2021-12-08,45.720001,54.582184,60.779999
2021-12-09,46.459999,54.443249,59.619999
2021-12-10,45.560001,55.852459,63.209999
2021-12-13,44.599998,57.321213,59.130001
2021-12-14,44.349998,57.360912,58.400002
2021-12-15,44.07,57.618938,58.610001
2021-12-16,43.130001,58.204456,58.389999
2021-12-17,43.07,57.291443,55.16
2021-12-20,42.98,57.10289,54.040001
2021-12-21,44.360001,57.331142,54.790001
2021-12-22,43.900002,57.738026,56.080002
2021-12-23,44.16,57.777721,56.91
2021-12-27,44.330002,58.204456,57.43
2021-12-28,43.43,58.432709,57.110001
2021-12-29,42.759998,58.502178,57.23
2021-12-30,44.459999,58.333466,58.130001
2021-12-31,43.220001,58.760201,58.630001
2022-01-03,42.66,58.849518,61.169998
2022-01-04,40.849998,59.831997,65.739998
2022-01-05,39.5,60.328197,62.740002
2022-01-06,39.59,60.010632,62.869999
2022-01-07,39.669998,59.871696,62.27
2022-01-10,39.970001,59.970932,61.07
2022-01-11,40.66,59.990784,61.459999
2022-01-12,40.25,60.080097,61.029999
2022-01-13,38.700001,60.437363,61.77
2022-01-14,38.439999,60.923641,61.099998
2022-01-18,37.299999,60.437363,58.790001
2022-01-19,37.349998,60.536602,56.240002
2022-01-20,37.279999,60.288502,54.650002
2022-01-21,34.82,59.990784,53.279999
2022-01-24,35.060001,59.504501,52.639999
2022-01-25,34.169998,59.365566,51.900002
2022-01-26,33.619999,59.147236,52.349998
2022-01-27,33.84,59.196861,51.450001
2022-01-28,35.27,60.377819,50.240002
2022-01-31,37.509998,60.546524,52.73
2022-02-01,38.119999,60.099945,54.07
2022-02-02,36.509998,60.715237,53.5
2022-02-03,34.48,61.141968,53.110001
2022-02-04,36.939999,60.496906,51.290001
2022-02-07,36.040001,61.132042,50.709999
2022-02-08,35.98,61.529007,49.459999
2022-02-09,37.830002,60.576302,50.720001
2022-02-10,37.080002,60.913719,50.34
2022-02-11,35.84,59.831997,48.830002
2022-02-14,35.689999,60.219036,48.400002
2022-02-15,36.98,60.447285,49.669998
2022-02-16,36.240002,60.437363,50.43
2022-02-17,35.43,61.648094,48.82
2022-02-18,34.32,62.064903,48.599998
2022-02-22,32.93,61.806877,46.77
2022-02-23,32.759998,61.12212,46.380001
2022-02-24,34.98,60.050323,46.349998
2022-02-25,35.290001,62.372547,47.43
2022-02-28,35.549999,61.767185,46.720001
2022-03-01,35.560001,61.499237,44.52
2022-03-02,34.619999,61.955742,46.32
2022-03-03,33.490002,61.995438,44.900002
2022-03-04,33.389999,62.094677,42.400002
2022-03-07,32.419998,60.615997,39.830002
2022-03-08,32.68,58.214378,40.200001
2022-03-09,34.369999,58.5121,42.279999
2022-03-10,34.119999,57.440304,41.849998
2022-03-11,33.0,57.48,41.509998
2022-03-14,33.029999,58.540001,40.830002
2022-03-15,33.970001,59.619999,42.130001
2022-03-16,35.369999,59.459999,43.849998
2022-03-17,37.299999,60.09,43.66
2022-03-18,37.77,60.099998,44.82
2022-03-21,37.439999,60.580002,43.610001
2022-03-22,38.43,60.799999,44.560001
2022-03-23,38.0,60.400002,43.779999
2022-03-24,38.82,60.98,44.349998
2022-03-25,38.599998,61.529999,43.650002
2022-03-28,39.119999,61.919998,44.220001
2022-03-29,40.689999,62.16,46.259998
2022-03-30,39.0,62.209999,45.220001
2022-03-31,38.689999,62.0,43.740002
2022-04-01,39.310001,62.869999,42.959999
2022-04-04,49.970001,62.540001,43.18
2022-04-05,50.98,62.470001,41.419998
2022-04-06,50.77,63.099998,39.5
2022-04-07,48.029999,63.439999,38.720001
2022-04-08,46.23,63.830002,39.349998
2022-04-11,47.009998,63.810001,40.330002
2022-04-12,44.48,64.559998,40.040001
2022-04-13,45.849998,64.730003,40.220001
2022-04-14,45.080002,65.019997,40.130001
2022-04-18,48.450001,64.440002,40.630001
2022-04-19,46.16,65.07,42.080002
2022-04-20,46.720001,65.959999,41.720001
2022-04-21,47.080002,66.209999,40.709999
2022-04-22,48.93,65.25,39.84
2022-04-25,51.700001,65.940002,39.82
2022-04-26,49.68,65.050003,38.040001
2022-04-27,48.639999,65.559998,38.66
2022-04-28,49.110001,66.190002,38.75
2022-04-29,49.02,64.610001,37.91
